date,on_stream_hours,choke_size_percentage,bottomhole_pressure_psi,bottomhole_temperature_f,wellhead_pressure_psi,wellhead_temperature_f,oil_volume_bbl,gas_volume_mscf,water_volume_bbl,water_cut_percentage,gor_mscf_bbl
2023-01-01,24.0,80.75,2852.2,180.9,1312.9,117.4,3938.68,4607.84,102.19,2.53,1.1699
2023-01-02,24.0,80.54,2849.0,180.1,1316.6,115.8,3947.42,5054.92,102.79,2.54,1.2806
2023-01-03,24.0,81.51,2835.9,180.6,1294.9,121.3,4205.77,5269.03,109.93,2.55,1.2528
2023-01-04,24.0,83.79,2828.3,179.8,1264.1,121.1,4213.29,5089.26,110.54,2.56,1.2079
2023-01-05,24.0,83.44,2833.9,180.0,1241.8,116.0,4222.09,5096.09,111.18,2.57,1.207
2023-01-06,24.0,83.09,2835.6,179.9,1260.7,117.0,4142.78,5266.52,109.5,2.58,1.2713
2023-01-07,24.0,85.46,2813.2,179.8,1193.2,118.3,4240.61,5506.49,112.51,2.58,1.2985
2023-01-08,4.0,86.61,2807.4,179.9,1190.0,71.1,724.3,915.06,19.29,2.59,1.2634
2023-01-09,24.0,85.91,2798.2,179.2,1194.2,121.0,4330.07,5482.4,115.75,2.6,1.2661
2023-01-10,24.0,86.72,2780.6,179.8,1175.0,121.5,4377.8,5385.63,117.47,2.61,1.2302
2023-01-11,24.0,86.03,2783.4,180.7,1188.6,117.8,4256.21,5252.84,114.64,2.62,1.2342
2023-01-12,24.0,85.33,2816.6,179.5,1224.3,118.8,4309.81,5209.24,116.53,2.63,1.2087
2023-01-13,24.0,85.69,2804.8,179.5,1207.9,119.8,4034.21,4949.67,109.49,2.64,1.2269
2023-01-14,24.0,82.82,2791.4,180.0,1258.5,115.2,4171.32,5415.32,113.65,2.65,1.2982
2023-01-15,24.0,80.23,2855.0,180.1,1317.3,114.9,3933.08,5111.54,107.56,2.66,1.2996
2023-01-16,24.0,79.39,2872.2,180.2,1364.0,117.6,3965.54,4654.81,108.87,2.67,1.1738
2023-01-17,24.0,77.87,2844.0,179.9,1360.3,112.2,3794.06,4552.54,104.56,2.68,1.1999
2023-01-18,24.0,78.34,2854.6,180.0,1357.1,117.0,3761.61,4554.26,104.07,2.69,1.2107
2023-01-19,24.0,76.98,2852.0,179.8,1391.0,115.5,3819.73,4780.49,106.08,2.7,1.2515
2023-01-20,24.0,74.86,2884.0,179.4,1447.7,112.0,3575.85,4102.72,99.69,2.71,1.1473
2023-01-21,24.0,77.06,2838.1,180.0,1369.4,113.0,3761.5,4519.41,105.28,2.72,1.2015
2023-01-22,24.0,76.72,2855.9,180.4,1393.4,115.0,3710.83,4335.11,104.26,2.73,1.1682
2023-01-23,24.0,76.82,2869.5,180.3,1414.8,112.6,3760.88,4810.77,106.08,2.74,1.2792
2023-01-24,24.0,74.69,2889.0,179.1,1435.9,111.2,3724.64,4657.71,105.47,2.75,1.2505
2023-01-25,24.0,73.87,2882.0,180.1,1477.6,111.7,3587.68,4391.27,101.99,2.76,1.224
2023-01-26,24.0,74.03,2867.8,179.6,1449.9,108.6,3651.28,4335.88,104.2,2.77,1.1875
2023-01-27,24.0,72.31,2861.4,180.7,1458.7,108.4,3593.37,4407.91,102.95,2.79,1.2267
2023-01-28,24.0,72.87,2868.1,180.2,1461.1,110.5,3522.42,4292.94,101.32,2.8,1.2187
2023-01-29,24.0,71.97,2878.2,180.4,1487.6,111.1,3477.11,4714.11,100.41,2.81,1.3558
2023-01-30,24.0,71.53,2876.9,180.0,1498.7,108.9,3590.38,4724.6,104.09,2.82,1.3159
2023-01-31,24.0,70.63,2894.1,180.0,1530.3,109.1,3442.32,4160.69,100.19,2.83,1.2087
2023-02-01,24.0,73.41,2864.5,180.7,1435.6,109.0,3617.02,4574.95,105.7,2.84,1.2648
2023-02-02,24.0,73.39,2871.0,180.5,1468.2,112.8,3612.59,4743.8,105.99,2.85,1.3131
2023-02-03,24.0,71.8,2897.7,180.1,1500.1,110.6,3412.78,4123.9,100.52,2.86,1.2084
2023-02-04,24.0,73.04,2862.3,179.9,1482.5,111.6,3499.73,4079.76,103.5,2.87,1.1657
2023-02-05,24.0,71.2,2861.0,179.1,1500.2,110.6,3487.94,3983.29,103.56,2.88,1.142
2023-02-06,24.0,71.52,2867.3,180.2,1509.6,110.2,3330.7,4443.28,99.29,2.89,1.334
2023-02-07,24.0,68.58,2908.7,179.9,1590.0,107.3,3314.86,4106.22,99.21,2.91,1.2387
2023-02-08,24.0,66.59,2924.7,180.3,1637.2,108.3,3173.73,4022.75,95.37,2.92,1.2675
2023-02-09,24.0,66.88,2916.9,180.4,1610.6,107.1,3313.38,4022.72,99.97,2.93,1.2141
2023-02-10,12.0,67.99,2920.0,180.6,1590.7,83.5,1657.61,1940.14,50.22,2.94,1.1704
2023-02-11,24.0,68.25,2894.3,180.2,1575.2,107.8,3380.92,4003.74,102.84,2.95,1.1842
2023-02-12,24.0,68.07,2927.9,179.5,1605.5,107.6,3288.61,3832.12,100.44,2.96,1.1653
2023-02-13,24.0,67.62,2911.6,178.9,1593.9,107.1,3259.3,4248.78,99.95,2.98,1.3036
2023-02-14,24.0,65.4,2877.9,179.6,1621.8,106.5,3137.81,4226.27,96.61,2.99,1.3469
2023-02-15,24.0,64.32,2950.0,180.7,1687.7,103.6,3071.24,3837.42,94.95,3.0,1.2495
2023-02-16,24.0,63.63,2915.6,180.9,1669.7,103.2,3231.4,3732.91,100.31,3.01,1.1552
2023-02-17,24.0,65.22,2897.6,179.9,1628.0,106.5,3191.31,4093.57,99.47,3.02,1.2827
2023-02-18,24.0,65.73,2915.4,179.3,1636.2,105.8,3095.42,4114.41,96.88,3.03,1.3292
2023-02-19,12.0,63.09,2901.3,179.7,1680.8,83.5,1596.71,2095.12,50.18,3.05,1.3121
2023-02-20,24.0,63.58,2911.7,180.6,1681.9,105.1,3029.39,3782.52,95.6,3.06,1.2486
2023-02-21,24.0,63.0,2948.7,179.7,1717.0,103.3,3043.4,3751.38,96.44,3.07,1.2326
2023-02-22,24.0,61.98,2940.4,180.3,1714.4,104.3,3028.73,3772.72,96.37,3.08,1.2456
2023-02-23,24.0,62.9,2935.6,180.1,1696.5,105.8,2921.69,3870.89,93.35,3.1,1.3249
2023-02-24,24.0,64.45,2899.8,180.4,1644.2,105.8,3035.01,3942.59,97.37,3.11,1.299
2023-02-25,24.0,65.84,2874.0,180.9,1626.6,107.1,3254.34,4001.12,104.84,3.12,1.2295
2023-02-26,24.0,64.58,2916.4,180.3,1659.5,105.0,3073.87,3763.44,99.44,3.13,1.2243
2023-02-27,24.0,64.12,2922.1,180.1,1673.1,106.4,3124.33,3809.91,101.5,3.15,1.2194
2023-02-28,24.0,64.62,2916.1,181.0,1660.4,104.4,3056.42,3617.24,99.71,3.16,1.1835
2023-03-01,24.0,66.08,2892.9,180.2,1611.3,106.8,3145.73,4204.87,103.05,3.17,1.3367
2023-03-02,24.0,65.36,2879.6,179.6,1640.5,109.6,3226.21,3883.71,106.13,3.18,1.2038
2023-03-03,24.0,65.08,2931.5,180.3,1663.7,106.4,3126.33,3999.65,103.28,3.2,1.2793
2023-03-04,24.0,63.42,2914.1,180.2,1682.3,103.8,2996.94,3622.9,99.42,3.21,1.2089
2023-03-05,24.0,61.63,2917.3,179.8,1707.6,102.5,2889.98,3526.11,96.28,3.22,1.2201
2023-03-06,24.0,62.85,2906.2,179.7,1676.9,103.9,2950.24,3669.43,98.7,3.24,1.2438
2023-03-07,24.0,64.88,2893.4,179.9,1638.7,106.7,3156.27,4059.41,106.04,3.25,1.2861
2023-03-08,24.0,64.78,2906.7,179.7,1644.5,105.6,3119.24,3851.14,105.25,3.26,1.2346
2023-03-09,24.0,66.28,2880.0,179.9,1596.8,105.4,3068.88,3626.63,103.99,3.28,1.1817
2023-03-10,24.0,66.82,2884.4,179.6,1595.7,105.8,3169.76,3974.76,107.86,3.29,1.254
2023-03-11,12.0,65.86,2880.2,180.2,1613.5,83.3,1555.88,1874.94,53.17,3.3,1.2051
2023-03-12,24.0,66.4,2870.5,180.2,1601.3,106.5,3158.91,4266.99,108.42,3.32,1.3508
2023-03-13,24.0,68.7,2862.0,180.2,1546.1,108.8,3206.35,3970.66,110.52,3.33,1.2384
2023-03-14,24.0,68.65,2860.5,180.0,1541.2,109.4,3311.57,4016.6,114.63,3.35,1.2129
2023-03-15,24.0,71.0,2828.8,179.9,1480.1,113.8,3348.41,4626.62,116.41,3.36,1.3817
2023-03-16,24.0,67.07,2850.1,180.7,1587.9,104.8,3184.25,4146.23,111.18,3.37,1.3021
2023-03-17,24.0,68.3,2855.3,180.0,1542.6,108.8,3165.68,3795.53,111.01,3.39,1.199
2023-03-18,24.0,68.43,2848.9,180.6,1552.9,108.0,3172.44,3826.38,111.72,3.4,1.2061
2023-03-19,24.0,67.98,2841.7,179.5,1559.0,104.8,3366.0,4329.44,119.06,3.42,1.2862
2023-03-20,24.0,68.12,2834.9,180.3,1546.2,109.6,3315.23,4176.33,117.77,3.43,1.2597
2023-03-21,24.0,65.14,2876.2,179.6,1644.8,106.2,3053.23,3997.52,108.93,3.44,1.3093
2023-03-22,24.0,64.81,2879.5,179.7,1640.4,106.6,3132.81,3795.87,112.26,3.46,1.2117
2023-03-23,24.0,65.35,2860.3,179.8,1632.7,103.2,3136.56,4073.88,112.88,3.47,1.2988
2023-03-24,24.0,67.56,2837.9,179.8,1553.1,107.0,3124.05,3486.65,112.92,3.49,1.1161
2023-03-25,24.0,66.78,2839.0,179.8,1568.6,105.1,3079.4,3839.86,111.8,3.5,1.247
2023-03-26,24.0,65.57,2865.5,180.6,1618.1,109.1,3106.53,3776.5,113.28,3.52,1.2157
2023-03-27,24.0,64.82,2852.4,180.0,1617.2,107.1,3043.66,3734.38,111.47,3.53,1.2269
2023-03-28,24.0,66.19,2885.7,180.1,1629.2,105.3,3064.73,3819.29,112.74,3.55,1.2462
2023-03-29,24.0,66.69,2840.7,179.8,1581.2,104.4,3154.98,4190.01,116.57,3.56,1.3281
2023-03-30,24.0,65.89,2815.4,180.4,1568.2,106.4,2981.97,3536.71,110.66,3.58,1.186
2023-03-31,24.0,66.66,2843.9,180.2,1562.7,108.3,3111.12,3480.63,115.97,3.59,1.1188
2023-04-01,24.0,66.81,2840.7,179.8,1574.7,104.2,3031.23,3611.04,113.49,3.61,1.1913
2023-04-02,24.0,68.26,2845.5,179.2,1549.7,106.4,3096.77,4088.77,116.46,3.62,1.3203
2023-04-03,24.0,67.21,2840.2,180.1,1570.8,105.4,3077.74,3549.17,116.26,3.64,1.1532
2023-04-04,24.0,66.71,2826.0,180.3,1581.2,108.0,3119.08,3810.88,118.34,3.66,1.2218
2023-04-05,24.0,66.13,2837.5,179.5,1597.4,105.7,3025.39,3961.91,115.3,3.67,1.3096
2023-04-06,24.0,63.93,2863.0,179.9,1636.9,104.3,2890.44,3615.75,110.65,3.69,1.2509
2023-04-07,24.0,64.38,2820.7,180.3,1597.2,105.3,3009.3,4000.12,115.71,3.7,1.3293
2023-04-08,24.0,64.77,2868.7,179.2,1617.7,104.0,3086.06,3476.37,119.19,3.72,1.1265
2023-04-09,24.0,64.77,2834.8,179.7,1603.3,103.2,3032.8,3750.97,117.66,3.73,1.2368
2023-04-10,24.0,64.42,2870.0,180.2,1633.7,107.2,3083.15,4124.84,120.15,3.75,1.3379
2023-04-11,24.0,62.3,2870.3,180.6,1681.2,105.8,2956.58,3498.53,115.74,3.77,1.1833
2023-04-12,24.0,61.67,2877.5,181.1,1686.5,103.4,2816.37,3712.61,110.75,3.78,1.3182
2023-04-13,24.0,61.15,2888.1,181.0,1713.4,103.2,2853.79,3532.09,112.73,3.8,1.2377
2023-04-14,24.0,59.95,2887.7,180.1,1737.2,103.9,2755.42,3526.04,109.33,3.82,1.2797
2023-04-15,24.0,59.71,2889.8,179.8,1740.9,102.0,2805.52,3735.58,111.82,3.83,1.3315
2023-04-16,24.0,60.32,2871.1,180.5,1705.3,101.6,2767.71,3545.07,110.82,3.85,1.2809
2023-04-17,4.0,63.14,2855.1,179.7,1657.9,67.4,475.78,579.55,19.14,3.87,1.2181
2023-04-18,24.0,63.41,2837.3,179.6,1658.7,106.5,2990.22,3863.76,120.82,3.88,1.2921
2023-04-19,24.0,63.79,2836.5,179.8,1632.6,104.7,2944.24,3578.04,119.5,3.9,1.2153
2023-04-20,24.0,63.68,2870.7,179.8,1622.4,103.6,2879.44,3660.02,117.4,3.92,1.2711
2023-04-21,24.0,60.8,2850.8,180.2,1707.6,102.8,2756.28,3244.23,112.89,3.93,1.177
2023-04-22,24.0,60.76,2864.2,179.7,1696.9,103.5,2742.76,3445.79,112.85,3.95,1.2563
2023-04-23,24.0,60.85,2861.5,180.0,1723.3,103.4,2726.17,3624.06,112.69,3.97,1.3294
2023-04-24,24.0,64.55,2824.3,180.8,1610.1,106.0,2920.31,3618.62,121.26,3.99,1.2391
2023-04-25,24.0,64.26,2837.6,180.1,1605.1,103.7,2954.84,3916.7,123.26,4.0,1.3255
2023-04-26,24.0,64.71,2833.8,180.8,1590.6,106.5,2955.01,4289.48,123.84,4.02,1.4516
2023-04-27,24.0,64.66,2810.1,180.6,1614.2,105.3,2920.67,3672.18,122.96,4.04,1.2573
2023-04-28,24.0,62.91,2838.2,180.3,1659.0,103.0,2950.03,3821.25,124.77,4.06,1.2953
2023-04-29,24.0,64.62,2805.4,179.8,1619.1,106.4,2821.76,3638.87,119.89,4.08,1.2896
2023-04-30,24.0,65.75,2823.1,180.5,1585.8,105.3,3007.25,3825.77,128.37,4.09,1.2722
2023-05-01,24.0,100.0,2538.6,179.9,845.6,127.6,4529.35,6037.32,194.24,4.11,1.3329
2023-05-02,24.0,98.64,2546.8,180.0,868.3,127.5,4389.89,5556.73,189.13,4.13,1.2658
2023-05-03,24.0,99.17,2549.8,180.2,857.5,129.1,4530.21,5612.87,196.08,4.15,1.239
2023-05-04,24.0,99.14,2534.7,180.0,855.6,130.3,4472.59,5299.25,194.49,4.17,1.1848
2023-05-05,24.0,100.0,2544.3,179.6,850.3,128.7,4640.76,5847.08,202.74,4.19,1.2599
2023-05-06,24.0,99.42,2519.7,179.2,841.3,129.2,4575.86,6140.37,200.84,4.2,1.3419
2023-05-07,24.0,98.75,2559.1,180.5,857.7,127.3,4634.36,5656.04,204.35,4.22,1.2205
2023-05-08,24.0,99.32,2523.8,180.3,854.3,131.0,4442.82,5773.47,196.82,4.24,1.2995
2023-05-09,24.0,100.0,2499.9,179.1,824.6,132.6,4639.43,5928.31,206.5,4.26,1.2778
2023-05-10,24.0,100.0,2519.1,179.6,807.3,132.4,4404.56,5480.24,196.96,4.28,1.2442
2023-05-11,24.0,99.38,2521.0,180.1,856.4,131.0,4468.07,5205.01,200.74,4.3,1.1649
2023-05-12,24.0,100.0,2516.3,180.2,827.7,131.3,4460.62,6119.3,201.35,4.32,1.3718
2023-05-13,24.0,100.0,2523.5,179.2,847.8,126.9,4553.14,5996.05,206.49,4.34,1.3169
2023-05-14,24.0,98.57,2546.6,180.0,879.5,129.3,4482.43,6511.0,204.25,4.36,1.4526
2023-05-15,24.0,97.77,2532.3,180.3,884.6,127.7,4312.38,5831.19,197.42,4.38,1.3522
2023-05-16,24.0,99.41,2510.3,179.8,871.6,130.9,4520.56,6197.51,207.93,4.4,1.371
2023-05-17,24.0,100.0,2497.8,180.1,831.2,126.2,4450.41,5222.16,205.68,4.42,1.1734
2023-05-18,24.0,96.3,2536.0,179.8,905.1,127.7,4244.46,4963.05,197.09,4.44,1.1693
2023-05-19,24.0,97.02,2507.6,180.5,892.5,127.6,4342.86,5592.67,202.61,4.46,1.2878
2023-05-20,24.0,98.41,2512.6,179.6,863.6,130.6,4272.51,5173.49,200.28,4.48,1.2109
2023-05-21,24.0,97.15,2550.8,179.4,910.3,130.3,4423.81,5475.35,208.36,4.5,1.2377
2023-05-22,24.0,98.17,2510.4,180.0,854.8,127.3,4379.92,6338.37,207.27,4.52,1.4471
2023-05-23,24.0,100.0,2516.2,179.3,826.2,128.7,4460.06,6069.03,212.07,4.54,1.3608
2023-05-24,24.0,100.0,2487.0,178.9,836.7,130.3,4451.73,5460.56,212.69,4.56,1.2266
2023-05-25,24.0,99.06,2538.2,180.5,850.3,131.9,4559.54,5155.46,218.88,4.58,1.1307
2023-05-26,24.0,98.28,2544.1,179.5,883.3,128.9,4508.65,5484.99,217.47,4.6,1.2165
2023-05-27,24.0,98.3,2523.9,179.3,873.7,126.9,4491.24,5604.59,217.67,4.62,1.2479
2023-05-28,24.0,98.86,2539.1,179.6,858.6,128.3,4387.29,5535.71,213.65,4.64,1.2618
2023-05-29,24.0,98.96,2512.5,179.6,858.6,129.6,4297.34,5167.44,210.28,4.66,1.2025
2023-05-30,24.0,99.71,2511.3,179.9,829.6,130.2,4423.9,6004.71,217.51,4.69,1.3573
2023-05-31,24.0,99.49,2519.2,179.5,838.3,128.6,4439.75,5498.11,219.34,4.71,1.2384
2023-06-01,24.0,99.76,2499.5,180.2,834.8,128.9,4492.33,5963.41,223.01,4.73,1.3275
2023-06-02,24.0,100.0,2470.3,180.3,824.2,128.5,4455.07,5754.78,222.23,4.75,1.2917
2023-06-03,24.0,98.4,2516.8,179.4,862.7,130.6,4263.92,5733.03,213.72,4.77,1.3445
2023-06-04,24.0,98.57,2495.3,179.7,860.0,127.7,4310.37,5477.68,217.1,4.8,1.2708
2023-06-05,24.0,98.72,2493.8,179.7,856.4,128.4,4305.94,5282.29,217.92,4.82,1.2267
2023-06-06,24.0,100.0,2492.7,179.9,846.2,129.3,4460.96,5566.52,226.87,4.84,1.2478
2023-06-07,24.0,99.66,2498.2,180.5,837.4,127.4,4444.39,5547.87,227.12,4.86,1.2483
2023-06-08,24.0,100.0,2487.9,180.6,841.2,128.7,4467.54,6342.13,229.41,4.88,1.4196
2023-06-09,24.0,100.0,2493.9,181.2,840.5,131.8,4429.3,5718.94,228.56,4.91,1.2912
2023-06-10,24.0,97.23,2494.6,178.9,900.6,126.2,4101.01,5275.84,212.65,4.93,1.2865
2023-06-11,24.0,98.98,2489.2,179.5,845.4,127.8,4200.62,5643.07,218.88,4.95,1.3434
2023-06-12,24.0,97.5,2513.1,180.9,875.4,126.3,4270.43,5485.72,223.6,4.98,1.2846
2023-06-13,24.0,95.86,2538.8,179.1,928.9,127.0,4215.25,5708.81,221.79,5.0,1.3543
2023-06-14,24.0,91.54,2577.3,180.9,1008.3,126.9,4114.9,5165.37,217.57,5.02,1.2553
2023-06-15,24.0,90.34,2560.3,180.1,1031.2,123.0,3964.39,4956.34,210.64,5.05,1.2502
2023-06-16,24.0,90.33,2565.1,180.1,1027.6,123.3,3877.53,4720.41,207.04,5.07,1.2174
2023-06-17,24.0,89.75,2585.5,179.4,1017.4,121.6,3978.44,5556.52,213.47,5.09,1.3967
2023-06-18,24.0,89.06,2550.0,179.8,1039.8,122.2,3891.62,4969.42,209.84,5.12,1.277
2023-06-19,24.0,87.39,2581.5,180.9,1080.6,123.0,3786.26,4557.31,205.16,5.14,1.2036
2023-06-20,24.0,88.69,2571.9,180.0,1052.5,122.3,3745.66,4839.93,203.96,5.16,1.2921
2023-06-21,24.0,90.13,2569.3,179.8,1024.2,126.3,3936.97,4874.64,215.43,5.19,1.2382
2023-06-22,24.0,90.76,2524.2,180.2,981.0,125.4,3972.56,4999.99,218.46,5.21,1.2586
2023-06-23,24.0,87.93,2548.5,179.9,1063.4,121.4,3751.81,4882.88,207.34,5.24,1.3015
2023-06-24,24.0,91.34,2534.3,180.2,994.9,123.8,4032.55,5566.31,223.95,5.26,1.3803
2023-06-25,24.0,91.56,2536.6,179.6,999.3,126.5,4031.92,5197.52,225.03,5.29,1.2891
2023-06-26,24.0,92.37,2540.0,180.0,960.5,124.9,4015.68,4966.16,225.23,5.31,1.2367
2023-06-27,24.0,90.12,2547.6,179.7,1022.1,125.2,3911.93,4887.07,220.5,5.34,1.2493
2023-06-28,24.0,90.1,2536.4,179.1,1010.5,126.1,3981.09,5273.75,225.52,5.36,1.3247
2023-06-29,24.0,90.72,2538.6,180.2,1004.7,123.2,3959.78,4580.71,225.43,5.39,1.1568
2023-06-30,24.0,90.51,2537.3,179.4,1004.1,123.9,3863.54,4696.68,221.04,5.41,1.2156
2023-07-01,24.0,91.82,2547.2,179.9,993.4,125.7,3956.34,5124.65,227.48,5.44,1.2953
2023-07-02,24.0,93.77,2506.6,180.5,938.0,126.8,4098.34,4817.44,236.82,5.46,1.1755
2023-07-03,24.0,91.75,2513.2,179.3,965.4,125.4,3801.78,4807.39,220.78,5.49,1.2645
2023-07-04,24.0,93.03,2514.2,180.3,955.8,123.1,3939.95,4939.82,229.95,5.51,1.2538
2023-07-05,24.0,93.62,2504.4,179.9,939.2,124.3,4092.15,5490.61,240.03,5.54,1.3417
2023-07-06,24.0,93.61,2476.6,179.5,930.1,124.8,4131.07,5253.09,243.53,5.57,1.2716
2023-07-07,24.0,91.26,2517.5,181.0,954.0,125.7,4009.11,5454.12,237.52,5.59,1.3604
2023-07-08,24.0,93.48,2497.1,180.0,947.8,123.6,4093.07,5284.29,243.71,5.62,1.291
2023-07-09,24.0,94.07,2484.4,179.7,923.2,128.1,4054.07,5681.34,242.6,5.65,1.4014
2023-07-10,24.0,91.4,2528.2,179.6,974.3,125.1,3844.66,4591.49,231.23,5.67,1.1943
2023-07-11,24.0,91.03,2502.5,180.4,993.0,125.5,3891.3,5406.81,235.21,5.7,1.3895
2023-07-12,24.0,91.52,2515.9,179.7,987.2,122.7,3768.1,4740.05,228.91,5.73,1.2579
2023-07-13,24.0,92.28,2499.5,180.4,958.5,124.7,4056.89,5600.68,247.7,5.75,1.3805
2023-07-14,24.0,92.09,2503.6,180.0,955.0,124.9,3878.21,5280.57,237.99,5.78,1.3616
2023-07-15,24.0,92.6,2502.7,180.6,959.4,125.2,3919.15,4319.46,241.71,5.81,1.1021
2023-07-16,24.0,95.78,2450.2,179.5,886.9,127.5,4180.81,5522.41,259.16,5.84,1.3209
2023-07-17,24.0,98.1,2452.8,179.5,857.9,128.3,4054.58,5490.31,252.6,5.86,1.3541
2023-07-18,24.0,96.68,2494.4,179.9,882.3,127.9,4027.61,5524.48,252.2,5.89,1.3717
2023-07-19,24.0,95.78,2442.6,179.9,894.8,128.6,4106.2,4987.76,258.42,5.92,1.2147
2023-07-20,24.0,95.62,2465.1,179.8,888.4,125.2,4116.34,5461.35,260.38,5.95,1.3267
2023-07-21,24.0,92.99,2502.5,181.3,937.6,127.4,3953.3,5131.53,251.33,5.98,1.298
2023-07-22,24.0,90.98,2505.0,181.0,974.3,125.2,3867.19,5077.68,247.11,6.01,1.313
2023-07-23,24.0,88.55,2529.0,180.1,1035.4,120.5,3859.23,5199.68,247.86,6.03,1.3473
2023-07-24,24.0,86.83,2495.5,180.2,1050.3,121.4,3734.54,5080.83,241.07,6.06,1.3605
2023-07-25,24.0,88.91,2522.1,179.9,1030.5,123.6,3810.93,4732.1,247.26,6.09,1.2417
2023-07-26,24.0,87.63,2510.7,179.5,1043.1,119.5,3773.35,4912.33,246.07,6.12,1.3018
2023-07-27,24.0,86.09,2537.8,179.9,1091.1,120.3,3625.51,4659.18,237.64,6.15,1.2851
2023-07-28,24.0,87.41,2520.9,180.4,1049.2,121.1,3861.48,4898.51,254.4,6.18,1.2686
2023-07-29,24.0,86.74,2559.6,180.7,1059.5,119.7,3499.74,4449.58,231.74,6.21,1.2714
2023-07-30,24.0,87.37,2527.3,180.5,1054.1,121.3,3800.43,4925.19,252.95,6.24,1.296
2023-07-31,24.0,86.27,2524.8,179.2,1052.6,119.5,3709.4,4617.99,248.15,6.27,1.2449
2023-08-01,24.0,83.57,2524.2,179.9,1120.6,120.6,3544.19,4750.37,238.32,6.3,1.3403
2023-08-02,24.0,84.27,2541.8,179.3,1124.4,118.1,3559.13,4852.94,240.55,6.33,1.3635
2023-08-03,24.0,81.94,2569.7,180.6,1156.0,118.5,3441.8,4223.87,233.82,6.36,1.2272
2023-08-04,24.0,81.18,2560.9,179.8,1189.2,114.3,3492.99,4767.64,238.51,6.39,1.3649
2023-08-05,24.0,80.08,2562.1,180.0,1202.7,115.8,3365.88,4133.2,231.02,6.42,1.228
2023-08-06,24.0,80.37,2557.4,180.2,1199.2,116.3,3329.0,4455.19,229.66,6.45,1.3383
2023-08-07,24.0,79.54,2579.4,181.4,1213.6,115.4,3400.74,4635.58,235.82,6.48,1.3631
2023-08-08,24.0,79.35,2583.1,180.1,1206.7,114.9,3435.32,4371.63,239.45,6.52,1.2726
2023-08-09,24.0,77.01,2609.5,179.9,1277.7,112.9,3104.44,3801.67,217.51,6.55,1.2246
2023-08-10,0.0,80.01,2548.9,179.4,1183.1,61.1,0.0,0.0,0.0,0.0,0.0
2023-08-11,0.0,78.21,2584.8,180.7,1238.3,61.5,0.0,0.0,0.0,0.0,0.0
2023-08-12,0.0,80.01,2559.4,179.9,1192.5,59.9,0.0,0.0,0.0,0.0,0.0
2023-08-13,0.0,80.23,2556.8,180.8,1200.4,58.4,0.0,0.0,0.0,0.0,0.0
2023-08-14,0.0,80.44,2561.2,180.6,1195.0,62.7,0.0,0.0,0.0,0.0,0.0
2023-08-15,0.0,80.98,2555.8,179.8,1175.3,58.7,0.0,0.0,0.0,0.0,0.0
2023-08-16,0.0,78.16,2578.9,179.3,1215.7,57.8,0.0,0.0,0.0,0.0,0.0
2023-08-17,24.0,79.61,2542.2,180.1,1186.7,112.7,3270.95,4176.72,238.85,6.81,1.2769
2023-08-18,24.0,78.84,2551.7,179.7,1217.6,115.3,3291.17,4102.57,241.58,6.84,1.2465
2023-08-19,24.0,80.65,2569.4,180.0,1190.7,116.1,3370.74,4581.94,248.71,6.87,1.3593
2023-08-20,24.0,80.43,2544.4,180.5,1165.1,117.8,3425.87,4686.52,254.09,6.9,1.368
2023-08-21,24.0,79.87,2555.5,179.2,1176.8,116.8,3397.69,4371.48,253.32,6.94,1.2866
2023-08-22,24.0,77.93,2580.9,180.1,1242.0,115.0,3300.12,4190.33,247.33,6.97,1.2698
2023-08-23,24.0,76.78,2580.0,180.4,1248.8,113.3,3166.97,3950.24,238.59,7.01,1.2473
2023-08-24,24.0,77.41,2574.9,180.4,1236.4,115.9,3089.19,3969.84,233.94,7.04,1.2851
2023-08-25,24.0,75.45,2594.5,179.3,1296.2,115.6,3007.11,4196.98,228.92,7.07,1.3957
2023-08-26,24.0,72.47,2572.0,180.2,1341.4,112.2,3058.58,3893.29,234.06,7.11,1.2729
2023-08-27,24.0,71.18,2605.4,180.6,1361.5,109.1,2991.64,3659.03,230.13,7.14,1.2231
2023-08-28,24.0,72.44,2608.4,180.2,1348.3,111.9,2954.75,3696.48,228.49,7.18,1.251
2023-08-29,24.0,40.0,2880.4,179.9,2111.6,87.4,1603.02,2084.47,124.61,7.21,1.3003
2023-08-30,24.0,38.98,2867.5,180.6,2120.6,85.6,1573.71,1902.91,122.97,7.25,1.2092
2023-08-31,24.0,38.48,2856.6,179.7,2124.1,85.6,1591.0,1993.58,124.98,7.28,1.253
2023-09-01,24.0,38.01,2859.5,179.2,2142.5,86.1,1570.09,2016.91,123.98,7.32,1.2846
2023-09-02,24.0,38.48,2879.9,179.9,2134.4,87.1,1615.94,1959.99,128.28,7.35,1.2129
2023-09-03,24.0,36.06,2881.5,180.3,2173.5,88.3,1468.89,1678.09,117.22,7.39,1.1424
2023-09-04,24.0,37.48,2872.0,180.5,2171.3,84.9,1531.79,1817.66,122.88,7.43,1.1866
2023-09-05,24.0,39.38,2864.9,180.3,2123.6,89.6,1652.42,1983.81,133.26,7.46,1.2005
2023-09-06,24.0,39.95,2806.4,180.4,2047.9,87.5,1568.28,1952.57,127.14,7.5,1.245
2023-09-07,24.0,42.42,2858.8,180.5,2051.6,86.7,1749.15,2199.98,142.55,7.54,1.2577
2023-09-08,24.0,40.43,2832.5,179.8,2079.1,87.5,1644.18,2152.26,134.7,7.57,1.309
2023-09-09,24.0,43.2,2823.7,179.9,2018.0,92.0,1792.25,2116.18,147.61,7.61,1.1807
2023-09-10,24.0,42.1,2802.0,180.6,2020.1,90.0,1738.49,2264.51,143.94,7.65,1.3026
2023-09-11,24.0,40.18,2835.3,179.4,2074.1,88.7,1618.18,1996.27,134.69,7.68,1.2337
2023-09-12,24.0,39.83,2861.9,180.2,2119.3,89.9,1608.71,1838.15,134.61,7.72,1.1426
2023-09-13,24.0,42.64,2790.8,179.6,1999.7,88.3,1658.32,2092.21,139.49,7.76,1.2616
2023-09-14,24.0,42.61,2835.4,180.6,2024.9,88.2,1761.87,2360.44,148.99,7.8,1.3397
2023-09-15,24.0,41.21,2824.3,180.0,2057.1,85.4,1685.54,2213.93,143.29,7.84,1.3135
2023-09-16,24.0,39.27,2850.0,180.0,2104.9,88.8,1641.84,2053.82,140.32,7.87,1.2509
2023-09-17,24.0,39.11,2852.6,180.9,2112.3,88.2,1576.75,2091.09,135.47,7.91,1.3262
2023-09-18,24.0,36.12,2872.0,179.5,2182.5,86.4,1493.5,1890.6,129.0,7.95,1.2659
2023-09-19,24.0,34.17,2866.7,180.1,2218.8,82.1,1356.66,1785.16,117.8,7.99,1.3158
2023-09-20,24.0,36.48,2854.5,179.9,2150.5,83.1,1399.02,1610.24,122.13,8.03,1.151
2023-09-21,24.0,38.46,2820.9,180.3,2083.0,84.9,1555.37,1834.64,136.5,8.07,1.1796
2023-09-22,24.0,38.27,2850.4,181.0,2137.5,85.4,1531.7,1993.47,135.14,8.11,1.3015
2023-09-23,24.0,37.57,2872.9,179.7,2155.8,88.6,1487.82,2008.99,131.97,8.15,1.3503
2023-09-24,24.0,37.66,2818.1,179.4,2118.2,87.9,1549.47,1990.64,138.17,8.19,1.2847
2023-09-25,24.0,41.18,2804.6,179.6,2017.0,88.1,1703.34,2092.16,152.7,8.23,1.2283
2023-09-26,24.0,41.79,2807.2,179.9,2035.7,89.7,1689.86,2037.65,152.31,8.27,1.2058
2023-09-27,24.0,43.16,2800.3,180.0,1989.4,89.2,1733.62,2149.87,157.08,8.31,1.2401
2023-09-28,24.0,42.85,2812.1,180.1,2000.7,90.5,1728.52,2308.26,157.46,8.35,1.3354
2023-09-29,24.0,42.94,2794.6,180.9,1993.9,88.4,1706.06,2113.58,156.25,8.39,1.2389
2023-09-30,24.0,43.91,2783.1,180.8,1958.6,91.9,1786.2,2371.28,164.46,8.43,1.3276
2023-10-01,24.0,44.1,2801.7,180.7,1977.9,89.6,1717.9,2234.96,159.02,8.47,1.301
2023-10-02,24.0,41.26,2816.5,181.3,2040.5,90.1,1621.21,2215.37,150.87,8.51,1.3665
2023-10-03,24.0,43.18,2798.1,180.4,2003.3,89.6,1705.11,2170.24,159.53,8.56,1.2728
2023-10-04,24.0,42.25,2797.8,180.6,2024.8,88.4,1712.51,2152.74,161.09,8.6,1.2571
2023-10-05,24.0,45.42,2784.3,180.4,1956.0,94.2,1808.67,2406.62,171.05,8.64,1.3306
2023-10-06,24.0,46.45,2750.2,180.3,1875.9,92.8,1910.09,2301.89,181.61,8.68,1.2051
2023-10-07,24.0,46.56,2746.0,180.2,1884.3,92.1,1892.17,2339.74,180.87,8.72,1.2365
2023-10-08,24.0,47.22,2762.6,179.8,1870.2,94.2,1856.84,2148.45,178.45,8.77,1.157
2023-10-09,24.0,47.05,2727.1,179.4,1859.7,90.9,1902.9,2258.36,183.86,8.81,1.1868
2023-10-10,24.0,46.33,2757.4,179.9,1899.3,94.1,1833.36,2539.62,178.09,8.85,1.3852
2023-10-11,24.0,46.64,2747.6,180.3,1897.4,92.4,1877.0,2455.66,183.32,8.9,1.3083
2023-10-12,24.0,47.96,2719.4,180.0,1844.6,94.5,1943.36,2293.27,190.82,8.94,1.1801
2023-10-13,24.0,47.27,2730.8,179.5,1865.4,90.8,1923.5,2580.55,189.89,8.99,1.3416
2023-10-14,24.0,46.33,2749.3,179.9,1901.9,91.9,1850.35,2257.13,183.65,9.03,1.2198
2023-10-15,24.0,45.8,2769.5,179.9,1906.8,92.1,1878.52,2447.89,187.46,9.07,1.3031
2023-10-16,24.0,47.23,2731.5,180.0,1863.1,94.6,1892.05,2470.09,189.83,9.12,1.3055
2023-10-17,24.0,49.41,2740.9,180.2,1833.0,95.6,1965.74,2693.91,198.29,9.16,1.3704
2023-10-18,24.0,49.95,2718.0,180.4,1810.9,94.4,1968.42,2426.96,199.63,9.21,1.2329
2023-10-19,24.0,50.82,2728.5,179.7,1804.8,96.1,1987.93,2423.78,202.7,9.25,1.2192
2023-10-20,24.0,49.88,2706.1,180.5,1821.3,96.8,1990.95,2185.05,204.11,9.3,1.0975
2023-10-21,24.0,51.19,2702.6,180.6,1789.4,95.5,2028.89,2557.65,209.12,9.34,1.2606
2023-10-22,24.0,52.02,2701.0,180.2,1756.6,96.0,2066.62,2716.58,214.17,9.39,1.3145
2023-10-23,24.0,50.96,2700.1,180.3,1780.3,92.8,2031.54,2688.25,211.67,9.44,1.3233
2023-10-24,24.0,48.27,2737.3,180.5,1853.1,93.4,1914.55,2574.39,200.57,9.48,1.3446
2023-10-25,24.0,46.44,2703.3,179.5,1861.2,89.9,1904.83,2450.9,200.63,9.53,1.2867
2023-10-26,24.0,45.44,2779.5,180.5,1940.3,91.6,1771.14,2291.18,187.56,9.58,1.2936
2023-10-27,24.0,47.18,2740.9,179.6,1860.1,94.5,1873.29,2377.92,199.46,9.62,1.2694
2023-10-28,24.0,49.51,2705.5,179.7,1821.3,91.5,1938.49,2545.18,207.52,9.67,1.313
2023-10-29,24.0,48.85,2703.9,180.1,1840.2,96.0,1825.33,2206.77,196.47,9.72,1.209
2023-10-30,24.0,48.24,2702.8,178.9,1830.9,93.3,1886.99,2224.71,204.21,9.77,1.179
2023-10-31,24.0,48.63,2721.1,180.1,1836.0,94.0,1872.45,2273.62,203.74,9.81,1.2142
2023-11-01,24.0,48.65,2725.0,180.5,1842.7,93.3,1904.85,2438.14,208.4,9.86,1.28
2023-11-02,4.0,50.05,2695.2,179.2,1806.1,63.3,326.59,387.42,35.92,9.91,1.1863
2023-11-03,24.0,49.26,2719.3,180.5,1823.0,93.3,1943.16,2383.85,214.91,9.96,1.2268
2023-11-04,24.0,50.69,2676.4,179.7,1781.4,98.6,1961.4,2417.18,218.11,10.01,1.2324
2023-11-05,24.0,50.33,2675.4,180.1,1782.7,93.6,1950.88,2575.88,218.12,10.06,1.3204
2023-11-06,24.0,51.61,2707.4,179.7,1799.5,93.7,2043.53,2676.62,229.73,10.11,1.3098
2023-11-07,24.0,51.2,2691.1,180.3,1769.2,96.1,1965.45,2503.62,222.16,10.16,1.2738
2023-11-08,24.0,50.28,2709.3,180.5,1781.3,95.1,1888.23,2447.86,214.6,10.21,1.2964
2023-11-09,24.0,53.15,2651.3,180.3,1697.5,96.7,2077.03,2705.77,237.34,10.26,1.3027
2023-11-10,24.0,54.75,2636.3,180.0,1674.2,98.3,2176.72,2722.78,250.09,10.31,1.2509
2023-11-11,24.0,52.06,2665.0,179.8,1750.4,97.4,2052.73,2539.36,237.14,10.36,1.2371
2023-11-12,24.0,51.39,2662.2,180.0,1743.6,95.1,2004.16,2744.84,232.79,10.41,1.3696
2023-11-13,24.0,53.2,2669.4,180.3,1720.4,97.5,2117.43,2356.54,247.3,10.46,1.1129
2023-11-14,24.0,51.4,2660.7,180.3,1755.8,97.5,2037.62,2495.63,239.28,10.51,1.2248
2023-11-15,24.0,52.56,2643.9,180.3,1707.9,95.3,2024.16,2551.26,239.0,10.56,1.2604
2023-11-16,24.0,53.56,2654.4,179.4,1700.5,94.0,2085.06,2727.52,247.54,10.61,1.3081
2023-11-17,24.0,52.51,2640.1,180.0,1704.2,97.8,2044.35,2751.8,244.04,10.66,1.3461
2023-11-18,24.0,52.5,2631.3,179.7,1722.2,100.5,2026.87,2823.08,243.28,10.72,1.3928
2023-11-19,24.0,49.36,2684.1,180.3,1816.2,94.5,1950.92,2466.17,235.45,10.77,1.2641
2023-11-20,24.0,52.02,2633.4,179.6,1704.4,96.7,2002.53,2548.62,243.0,10.82,1.2727
2023-11-21,24.0,51.55,2673.8,180.2,1753.4,95.6,1969.23,2547.93,240.27,10.87,1.2939
2023-11-22,24.0,52.76,2630.3,179.9,1719.2,99.3,1928.56,2392.73,236.6,10.93,1.2407
2023-11-23,24.0,53.68,2609.0,179.1,1679.3,97.5,2034.85,2443.37,251.02,10.98,1.2008
2023-11-24,24.0,55.72,2620.7,180.5,1642.4,98.7,2088.18,2650.37,259.01,11.03,1.2692
2023-11-25,24.0,55.07,2631.3,180.0,1649.8,99.9,2116.2,2797.57,263.93,11.09,1.322
2023-11-26,24.0,55.37,2632.8,180.6,1672.4,98.0,2074.59,2611.59,260.16,11.14,1.2588
2023-11-27,24.0,56.21,2620.1,179.2,1641.8,97.4,2184.76,2844.12,275.49,11.2,1.3018
2023-11-28,24.0,57.52,2589.9,179.9,1582.0,101.6,2255.91,2613.58,286.03,11.25,1.1585
2023-11-29,24.0,59.25,2601.4,179.9,1585.7,100.6,2270.16,2901.72,289.42,11.31,1.2782
2023-11-30,24.0,58.54,2609.6,180.1,1575.2,99.5,2198.18,2748.97,281.79,11.36,1.2506
2023-12-01,24.0,57.54,2583.9,179.3,1590.5,103.4,2215.03,2651.35,285.51,11.42,1.197
2023-12-02,24.0,59.58,2581.7,180.3,1553.6,101.4,2365.0,3123.56,306.52,11.47,1.3207
2023-12-03,24.0,56.52,2603.5,181.0,1638.6,100.3,2228.48,3108.08,290.42,11.53,1.3947
2023-12-04,24.0,58.88,2590.9,180.2,1571.3,101.3,2185.02,2930.56,286.33,11.59,1.3412
2023-12-05,24.0,58.43,2586.9,180.0,1576.6,99.6,2164.81,2913.04,285.24,11.64,1.3456
2023-12-06,24.0,58.42,2587.8,179.3,1566.3,101.9,2151.4,2847.89,285.04,11.7,1.3237
2023-12-07,24.0,57.4,2605.4,179.6,1602.1,100.6,2136.62,2815.98,284.65,11.76,1.318
2023-12-08,24.0,57.32,2578.4,180.0,1584.9,99.1,2192.85,2552.21,293.75,11.81,1.1639
2023-12-09,24.0,59.23,2589.7,179.7,1559.5,102.1,2227.54,2828.63,300.05,11.87,1.2698
2023-12-10,24.0,60.39,2585.3,180.5,1544.6,101.5,2256.27,2957.8,305.6,11.93,1.3109
2023-12-11,24.0,61.13,2585.6,180.3,1507.6,101.1,2369.26,3109.31,322.68,11.99,1.3124
2023-12-12,24.0,61.26,2526.6,181.3,1479.7,101.1,2348.85,3206.34,321.67,12.05,1.3651
2023-12-13,24.0,59.09,2572.2,179.5,1557.8,101.8,2163.73,2625.59,297.96,12.1,1.2135
2023-12-14,24.0,57.82,2554.3,180.0,1570.9,99.9,2233.41,2948.03,309.25,12.16,1.32
2023-12-15,24.0,57.31,2550.2,179.3,1573.5,102.4,2191.11,2658.15,305.08,12.22,1.2132
2023-12-16,24.0,58.0,2582.2,178.9,1583.4,100.5,2216.56,2804.24,310.33,12.28,1.2651
2023-12-17,24.0,58.1,2572.0,180.4,1571.7,99.5,2170.51,2768.66,305.57,12.34,1.2756
2023-12-18,24.0,59.58,2569.4,180.2,1548.7,101.9,2241.09,2991.8,317.25,12.4,1.335
2023-12-19,24.0,60.29,2565.3,179.6,1538.6,100.3,2184.74,2900.93,310.99,12.46,1.3278
2023-12-20,24.0,60.37,2574.9,180.0,1542.9,102.1,2315.26,2979.72,331.39,12.52,1.287
2023-12-21,24.0,63.78,2528.4,179.7,1446.4,105.1,2354.53,2696.28,338.88,12.58,1.1451
2023-12-22,24.0,64.39,2565.4,179.8,1473.3,105.4,2381.34,3116.2,344.65,12.64,1.3086
2023-12-23,24.0,63.74,2530.1,179.8,1456.5,106.6,2354.84,2981.13,342.7,12.7,1.266
2023-12-24,24.0,66.53,2529.6,179.6,1419.9,110.5,2590.24,3555.1,379.05,12.77,1.3725
2023-12-25,24.0,68.33,2451.4,179.6,1349.0,108.8,2531.46,3453.67,372.51,12.83,1.3643
2023-12-26,24.0,71.06,2483.6,179.7,1292.7,111.5,2716.2,3332.06,401.91,12.89,1.2267
2023-12-27,24.0,100.0,2227.9,180.2,734.0,133.8,3747.01,5047.78,557.52,12.95,1.3471
2023-12-28,24.0,100.0,2200.2,178.6,741.5,128.5,3683.68,4976.25,551.15,13.01,1.3509
2023-12-29,24.0,98.52,2246.3,179.9,754.3,129.2,3612.85,4848.66,543.55,13.08,1.3421
2023-12-30,24.0,97.78,2240.2,179.5,794.0,127.7,3610.88,4817.36,546.28,13.14,1.3341
2023-12-31,24.0,95.97,2266.7,179.5,813.1,128.4,3580.85,4822.9,544.75,13.2,1.3469
2024-01-01,24.0,98.35,2252.9,179.7,781.5,129.3,3716.53,5221.84,568.53,13.27,1.405
2024-01-02,24.0,97.22,2223.3,180.0,781.2,126.8,3592.85,4574.88,552.67,13.33,1.2733
2024-01-03,24.0,95.9,2270.1,179.9,804.8,127.1,3538.83,4410.39,547.39,13.4,1.2463
2024-01-04,24.0,93.92,2269.7,179.5,859.2,127.3,3436.6,4661.95,534.54,13.46,1.3566
2024-01-05,24.0,92.76,2297.9,180.4,904.4,123.0,3369.95,3977.56,527.09,13.53,1.1803
2024-01-06,24.0,92.02,2279.3,179.5,875.9,123.2,3334.58,4492.69,524.46,13.59,1.3473
2024-01-07,24.0,91.94,2274.7,179.6,877.2,122.9,3484.09,4655.28,551.03,13.66,1.3362
2024-01-08,24.0,90.97,2288.7,180.1,874.1,124.2,3342.15,3846.42,531.53,13.72,1.1509
2024-01-09,24.0,88.57,2307.8,180.2,958.6,123.9,3257.16,4106.45,520.9,13.79,1.2607
2024-01-10,24.0,86.3,2313.3,179.7,991.5,117.4,3156.59,4432.85,507.63,13.85,1.4043
2024-01-11,24.0,87.32,2306.5,178.5,946.4,121.3,3213.96,3880.52,519.74,13.92,1.2074
2024-01-12,24.0,87.14,2295.8,179.6,941.5,119.6,3249.0,4279.18,528.34,13.99,1.3171
2024-01-13,24.0,88.11,2298.7,180.1,928.9,123.2,3226.74,3993.05,527.64,14.05,1.2375
2024-01-14,24.0,89.28,2304.8,180.3,939.4,122.1,3311.05,4159.57,544.45,14.12,1.2563
2024-01-15,24.0,89.51,2289.5,180.0,930.8,122.9,3398.62,4855.61,561.97,14.19,1.4287
2024-01-16,24.0,87.66,2320.3,179.8,955.1,121.4,3181.01,4164.42,528.93,14.26,1.3092
2024-01-17,24.0,87.94,2298.9,181.1,956.1,123.2,3213.44,4295.2,537.3,14.33,1.3366
2024-01-18,4.0,90.04,2262.2,179.8,905.8,73.6,559.88,727.14,94.14,14.39,1.2987
2024-01-19,24.0,89.37,2296.8,180.3,924.7,120.9,3387.86,4080.29,572.81,14.46,1.2044
2024-01-20,24.0,89.88,2272.5,179.3,920.5,121.5,3223.33,3957.83,548.04,14.53,1.2279
2024-01-21,24.0,89.86,2278.0,179.5,901.3,123.4,3189.72,4407.03,545.35,14.6,1.3816
2024-01-22,24.0,91.92,2282.4,180.3,895.2,123.1,3374.98,4435.86,580.25,14.67,1.3143
2024-01-23,24.0,90.9,2253.4,180.5,880.5,125.0,3328.09,4181.77,575.39,14.74,1.2565
2024-01-24,24.0,92.64,2258.2,179.8,881.4,126.5,3443.35,4493.56,598.65,14.81,1.305
2024-01-25,24.0,92.07,2258.5,179.1,862.1,123.6,3409.41,4601.49,596.06,14.88,1.3496
2024-01-26,24.0,91.03,2276.7,179.9,891.5,122.6,3329.4,4443.12,585.33,14.95,1.3345
2024-01-27,24.0,91.2,2276.5,180.1,893.0,123.4,3405.03,4272.07,601.97,15.02,1.2546
2024-01-28,24.0,91.71,2262.3,180.0,879.7,124.4,3305.47,3977.1,587.64,15.09,1.2032
2024-01-29,24.0,94.58,2228.8,179.7,828.4,126.7,3467.75,4446.74,619.94,15.17,1.2823
2024-01-30,24.0,95.06,2236.3,179.9,806.3,123.2,3383.52,4672.24,608.27,15.24,1.3809
2024-01-31,24.0,95.35,2245.7,179.6,817.9,125.3,3472.73,4734.63,627.8,15.31,1.3634
2024-02-01,24.0,97.74,2204.9,179.4,769.6,127.8,3456.02,4623.85,628.28,15.38,1.3379
2024-02-02,24.0,98.64,2192.9,180.4,745.6,127.9,3509.91,4565.76,641.65,15.46,1.3008
2024-02-03,24.0,97.68,2209.3,180.0,774.7,124.1,3673.51,4690.19,675.32,15.53,1.2768
2024-02-04,24.0,99.71,2186.6,179.9,719.6,127.0,3490.86,4547.11,645.33,15.6,1.3026
2024-02-05,24.0,98.6,2173.6,179.7,741.6,127.1,3564.41,4865.59,662.62,15.68,1.365
2024-02-06,24.0,97.63,2203.9,179.9,762.0,128.2,3600.34,4958.87,673.05,15.75,1.3773
2024-02-07,24.0,96.35,2189.1,180.1,779.7,126.8,3647.98,4724.8,685.78,15.82,1.2952
2024-02-08,24.0,94.95,2224.9,180.9,831.0,125.5,3451.28,5091.89,652.44,15.9,1.4754
2024-02-09,24.0,95.45,2202.2,180.3,815.5,128.0,3470.62,4571.86,659.78,15.97,1.3173
2024-02-10,24.0,95.06,2216.6,179.7,824.5,127.7,3440.41,4428.76,657.7,16.05,1.2873
2024-02-11,24.0,89.84,2262.5,179.7,902.7,123.1,3315.08,4649.29,637.29,16.12,1.4025
2024-02-12,24.0,89.44,2295.4,179.6,935.8,122.8,3257.18,3812.2,629.67,16.2,1.1704
2024-02-13,24.0,88.67,2274.8,179.9,931.3,120.8,3161.88,4225.38,614.68,16.28,1.3364
2024-02-14,0.0,90.0,2272.2,179.6,909.3,58.9,0.0,0.0,0.0,0.0,0.0
2024-02-15,24.0,89.16,2285.4,180.2,926.2,119.9,3181.68,4449.78,625.49,16.43,1.3986
2024-02-16,24.0,92.97,2233.0,178.7,866.6,124.7,3238.89,4366.64,640.31,16.51,1.3482
2024-02-17,24.0,95.06,2212.0,180.3,823.8,127.7,3309.45,4366.88,657.93,16.58,1.3195
2024-02-18,24.0,94.48,2195.2,180.1,820.0,128.2,3381.15,4582.52,675.95,16.66,1.3553
2024-02-19,24.0,96.2,2194.5,180.6,785.3,127.0,3461.13,4300.96,695.83,16.74,1.2426
2024-02-20,24.0,96.99,2177.9,180.4,770.0,128.6,3546.03,4882.26,716.9,16.82,1.3768
2024-02-21,24.0,97.34,2178.7,179.7,770.2,123.9,3534.01,4328.96,718.48,16.9,1.2249
2024-02-22,24.0,98.55,2202.0,180.4,750.1,128.3,3535.25,4718.73,722.76,16.97,1.3348
2024-02-23,24.0,98.63,2173.8,179.9,753.9,128.4,3601.12,4739.12,740.36,17.05,1.316
2024-02-24,24.0,98.99,2154.9,179.0,723.6,131.5,3540.66,4246.4,732.02,17.13,1.1993
2024-02-25,24.0,100.0,2179.4,180.1,730.4,130.6,3480.87,4586.83,723.7,17.21,1.3177
2024-02-26,24.0,100.0,2171.9,179.7,701.1,130.7,3462.52,4613.34,723.93,17.29,1.3324
2024-02-27,24.0,100.0,2171.5,180.0,718.3,130.7,3658.66,4649.58,769.24,17.37,1.2708
2024-02-28,24.0,99.32,2130.5,180.8,740.6,129.6,3381.27,4228.88,714.91,17.45,1.2507
2024-02-29,24.0,96.28,2213.0,180.1,803.0,129.7,3415.27,4585.22,726.15,17.53,1.3426
2024-03-01,24.0,99.22,2150.7,179.5,743.5,126.0,3741.63,5011.89,800.01,17.62,1.3395
2024-03-02,24.0,98.82,2172.7,180.5,734.6,129.4,3546.42,4712.02,762.54,17.7,1.3287
2024-03-03,24.0,99.62,2191.3,180.2,737.0,131.4,3525.06,4627.53,762.2,17.78,1.3128
2024-03-04,24.0,100.0,2181.6,179.4,740.0,127.2,3430.68,4376.86,745.96,17.86,1.2758
2024-03-05,24.0,100.0,2133.4,179.2,717.5,131.3,3662.27,5371.82,800.79,17.94,1.4668
2024-03-06,24.0,99.71,2127.6,179.5,718.4,128.7,3620.12,4698.83,796.03,18.03,1.298
2024-03-07,24.0,100.0,2167.2,180.4,738.7,130.2,3590.33,4514.41,793.91,18.11,1.2574
2024-03-08,24.0,100.0,2146.7,179.8,705.2,128.8,3538.94,4669.91,786.95,18.19,1.3196
2024-03-09,24.0,100.0,2135.9,180.0,710.1,131.4,3576.61,4667.51,799.8,18.28,1.305
2024-03-10,24.0,97.72,2169.8,179.3,738.8,128.0,3442.33,4450.54,774.1,18.36,1.2929
2024-03-11,24.0,99.52,2142.4,180.4,710.0,130.9,3445.28,4960.36,779.12,18.44,1.4398
2024-03-12,24.0,100.0,2150.4,179.0,727.5,130.7,3595.16,4462.84,817.58,18.53,1.2413
2024-03-13,24.0,97.94,2156.2,179.7,739.1,127.4,3448.83,4544.35,788.71,18.61,1.3176
2024-03-14,24.0,98.67,2159.0,180.2,746.2,129.8,3511.48,4372.01,807.56,18.7,1.2451
2024-03-15,24.0,95.58,2158.3,179.4,799.7,125.9,3355.39,4292.96,776.0,18.78,1.2794
2024-03-16,24.0,99.09,2163.8,180.3,732.6,129.5,3516.57,5024.0,817.85,18.87,1.4287
2024-03-17,24.0,97.44,2165.0,179.6,763.8,127.7,3422.53,4562.0,800.45,18.95,1.3329
2024-03-18,24.0,99.85,2143.7,179.4,724.1,131.2,3499.17,4667.86,822.98,19.04,1.334
2024-03-19,24.0,98.63,2125.8,180.6,715.7,129.9,3462.16,4348.03,818.85,19.13,1.2559
2024-03-20,24.0,99.48,2160.2,180.1,721.4,129.6,3693.31,4753.0,878.44,19.21,1.2869
2024-03-21,24.0,98.11,2144.2,180.3,731.8,127.6,3491.22,5014.15,835.04,19.3,1.4362
2024-03-22,0.0,99.6,2142.2,180.5,714.4,58.1,0.0,0.0,0.0,0.0,0.0
2024-03-23,24.0,99.25,2128.1,178.7,727.2,129.7,3469.97,4494.32,839.32,19.48,1.2952
2024-03-24,24.0,99.95,2130.1,180.3,704.8,129.0,3470.68,4673.1,844.21,19.57,1.3465
2024-03-25,24.0,99.97,2129.3,179.6,709.8,127.2,3415.26,4559.8,835.4,19.65,1.3351
2024-03-26,24.0,97.93,2097.7,179.7,717.8,126.6,3525.58,4459.05,867.24,19.74,1.2648
2024-03-27,24.0,98.68,2141.6,180.2,744.9,131.5,3377.35,4364.07,835.45,19.83,1.2922
2024-03-28,24.0,97.93,2167.2,179.8,746.9,127.6,3534.07,5168.31,879.13,19.92,1.4624
2024-03-29,24.0,99.49,2132.1,180.3,733.1,131.3,3392.05,4555.77,848.55,20.01,1.3431
2024-03-30,24.0,99.14,2111.3,180.0,716.5,128.9,3508.52,4264.71,882.62,20.1,1.2155
2024-03-31,24.0,99.03,2135.1,180.1,711.5,131.2,3331.1,4498.95,842.7,20.19,1.3506
2024-04-01,24.0,100.0,2132.3,179.8,709.1,131.8,3440.98,4827.94,875.4,20.28,1.4031
2024-04-02,24.0,100.0,2123.0,179.5,697.0,128.8,3470.43,4367.26,887.86,20.37,1.2584
2024-04-03,24.0,100.0,2113.0,179.6,710.2,127.0,3424.7,4413.59,881.08,20.46,1.2888
2024-04-04,24.0,99.57,2112.8,179.9,707.7,126.8,3436.76,4862.31,889.16,20.55,1.4148
2024-04-05,24.0,99.01,2116.0,180.9,721.0,128.1,3414.95,4510.91,888.49,20.65,1.3209
2024-04-06,24.0,97.78,2138.8,180.7,740.9,131.3,3435.61,4491.25,898.89,20.74,1.3073
2024-04-07,24.0,96.84,2113.6,179.7,743.5,127.2,3206.24,3945.95,843.59,20.83,1.2307
2024-04-08,24.0,96.43,2131.3,180.0,751.4,127.7,3291.59,4568.23,870.92,20.92,1.3878
2024-04-09,0.0,99.38,2136.0,179.9,729.2,62.0,0.0,0.0,0.0,0.0,0.0
2024-04-10,24.0,99.08,2137.8,180.1,724.0,129.5,3453.54,4053.75,924.08,21.11,1.1738
2024-04-11,24.0,97.24,2104.7,180.1,737.1,128.2,3434.22,4175.37,924.07,21.2,1.2158
2024-04-12,24.0,97.3,2108.2,180.3,738.6,129.0,3399.35,4358.79,919.83,21.3,1.2822
2024-04-13,24.0,97.57,2117.8,178.5,733.4,128.7,3282.3,4095.42,893.16,21.39,1.2477
2024-04-14,24.0,97.63,2133.7,180.2,741.9,128.2,3398.53,4271.19,929.98,21.48,1.2568
2024-04-15,24.0,98.83,2082.1,179.8,712.4,128.1,3399.48,5019.31,935.47,21.58,1.4765
2024-04-16,24.0,98.93,2106.7,179.6,707.0,129.4,3547.5,4846.26,981.69,21.67,1.3661
2024-04-17,24.0,100.0,2090.7,180.4,688.0,131.6,3482.53,4006.83,969.13,21.77,1.1506
2024-04-18,24.0,98.83,2125.9,180.7,739.0,131.9,3420.13,4436.13,957.12,21.87,1.2971
2024-04-19,24.0,100.0,2070.4,180.3,686.5,130.4,3467.87,4565.88,975.93,21.96,1.3166
2024-04-20,24.0,100.0,2095.7,179.7,693.1,131.1,3451.38,4220.48,976.75,22.06,1.2228
2024-04-21,24.0,100.0,2087.3,179.5,682.3,130.4,3446.77,4675.18,980.93,22.15,1.3564
2024-04-22,24.0,98.82,2123.5,178.5,733.0,129.0,3355.69,3971.23,960.37,22.25,1.1834
2024-04-23,24.0,99.53,2103.6,180.1,697.2,130.4,3431.48,4776.93,987.58,22.35,1.3921
2024-04-24,24.0,100.0,2080.9,180.3,693.5,131.8,3473.06,4921.02,1005.16,22.45,1.4169
2024-04-25,4.0,100.0,2101.4,179.9,683.4,70.3,579.67,855.21,168.71,22.54,1.4753
2024-04-26,24.0,97.51,2101.5,180.5,743.5,126.1,3380.59,4110.64,989.43,22.64,1.216
2024-04-27,24.0,96.38,2130.2,179.3,773.3,126.7,3375.89,4142.5,993.6,22.74,1.2271
2024-04-28,24.0,94.24,2127.6,179.9,795.7,126.3,3273.85,4463.16,968.98,22.84,1.3633
2024-04-29,24.0,93.27,2153.6,179.9,799.1,126.6,3206.25,4466.98,954.3,22.94,1.3932
2024-04-30,24.0,91.65,2156.1,179.9,847.1,122.7,3037.74,4156.83,909.23,23.04,1.3684
2024-05-01,24.0,94.18,2177.1,180.6,801.9,122.2,3119.14,4317.87,938.83,23.14,1.3843
2024-05-02,24.0,95.5,2115.7,179.9,756.9,126.1,3218.33,4536.1,974.13,23.24,1.4095
2024-05-03,24.0,95.49,2121.1,179.9,767.0,126.6,3234.42,4306.7,984.5,23.34,1.3315
2024-05-04,24.0,97.71,2089.3,179.5,724.3,126.7,3396.28,4438.52,1039.57,23.44,1.3069
2024-05-05,24.0,97.83,2094.5,180.7,723.4,127.3,3121.35,3839.64,960.78,23.54,1.2301
2024-05-06,24.0,96.54,2063.1,179.3,748.1,128.9,3191.54,4159.97,987.89,23.64,1.3034
2024-05-07,24.0,98.82,2091.2,179.7,733.6,129.3,3320.41,4353.67,1033.55,23.74,1.3112
2024-05-08,24.0,99.63,2096.7,180.8,690.4,130.3,3290.97,4138.64,1030.14,23.84,1.2576
2024-05-09,24.0,98.07,2093.8,180.2,717.9,128.1,3250.12,4283.68,1023.06,23.94,1.318
2024-05-10,24.0,97.79,2069.3,180.0,721.7,127.3,3257.74,4079.87,1031.21,24.04,1.2524
2024-05-11,24.0,96.47,2086.3,180.0,740.6,127.0,3182.43,4438.65,1013.02,24.15,1.3947
2024-05-12,24.0,94.4,2077.3,179.5,774.0,126.8,3122.52,4215.7,999.53,24.25,1.3501
2024-05-13,24.0,95.79,2116.2,180.0,774.0,124.8,3303.33,4255.69,1063.34,24.35,1.2883
2024-05-14,24.0,98.65,2062.4,179.8,713.5,131.5,3349.8,4474.4,1084.34,24.45,1.3357
2024-05-15,24.0,96.56,2092.7,180.1,751.7,128.5,3285.64,4099.29,1069.53,24.56,1.2476
2024-05-16,24.0,97.4,2082.9,179.2,747.0,127.4,3259.64,4091.28,1067.02,24.66,1.2551
2024-05-17,24.0,96.42,2114.2,180.2,739.2,128.7,3291.87,4203.65,1083.61,24.77,1.277
2024-05-18,24.0,95.69,2097.8,180.5,774.3,128.8,3253.86,4254.46,1077.1,24.87,1.3075
2024-05-19,24.0,94.81,2114.7,179.9,774.0,125.9,3205.27,4256.78,1066.96,24.97,1.3281
2024-05-20,24.0,93.51,2120.0,180.3,806.2,125.1,3080.69,4090.73,1031.24,25.08,1.3279
2024-05-21,24.0,93.58,2130.4,180.2,791.0,127.7,3093.87,3807.02,1041.46,25.18,1.2305
2024-05-22,24.0,92.34,2115.3,179.7,804.1,127.8,3142.59,4127.37,1063.78,25.29,1.3134
2024-05-23,24.0,92.74,2142.5,179.5,824.5,125.0,3056.56,3858.91,1040.45,25.4,1.2625
2024-05-24,24.0,92.67,2084.1,179.5,777.3,123.1,3004.02,3292.65,1028.29,25.5,1.0961
2024-05-25,24.0,92.31,2128.5,180.1,828.6,123.9,3036.22,4615.72,1045.13,25.61,1.5202
2024-05-26,24.0,90.95,2112.4,180.0,844.2,125.2,3115.71,3945.29,1078.5,25.71,1.2663
2024-05-27,24.0,90.08,2123.8,180.6,850.1,121.5,2958.3,3754.02,1029.75,25.82,1.269
2024-05-28,24.0,91.21,2129.5,180.4,836.0,123.5,3045.34,3741.97,1065.97,25.93,1.2288
2024-05-29,24.0,91.97,2122.3,180.4,812.8,124.8,3010.44,3758.18,1059.65,26.04,1.2484
2024-05-30,24.0,90.5,2133.5,180.1,853.1,122.0,3042.77,3969.89,1077.02,26.14,1.3047
2024-05-31,24.0,90.65,2101.3,179.5,834.9,125.1,3031.74,4272.09,1079.12,26.25,1.4091
2024-06-01,24.0,91.78,2133.7,180.2,819.0,125.3,2943.87,3839.72,1053.7,26.36,1.3043
2024-06-02,24.0,89.27,2117.3,180.0,853.3,125.5,2965.05,3846.2,1067.22,26.47,1.2972
2024-06-03,24.0,90.09,2111.7,179.4,841.9,124.2,2873.68,4017.92,1040.11,26.58,1.3982
2024-06-04,24.0,89.09,2139.6,180.6,864.8,120.9,2906.05,3725.78,1057.71,26.68,1.2821
2024-06-05,24.0,89.95,2117.7,180.6,834.2,123.8,2963.8,3911.86,1084.76,26.79,1.3199
2024-06-06,24.0,88.8,2134.6,179.4,877.9,123.6,3032.46,3809.77,1116.09,26.9,1.2563
2024-06-07,24.0,86.1,2118.2,179.7,900.0,121.8,2851.0,4075.67,1055.16,27.01,1.4296
2024-06-08,24.0,83.65,2173.2,179.7,961.4,117.4,2708.24,3744.46,1007.92,27.12,1.3826
2024-06-09,24.0,83.73,2170.5,180.3,953.2,117.3,2733.16,3563.78,1022.88,27.23,1.3039
2024-06-10,24.0,84.12,2155.3,180.2,951.4,117.2,2812.27,3624.96,1058.36,27.34,1.289
2024-06-11,24.0,82.76,2141.6,180.0,962.0,120.3,2673.59,3514.0,1011.78,27.45,1.3143
2024-06-12,24.0,83.72,2160.7,180.1,966.9,119.5,2803.95,3661.11,1067.04,27.57,1.3057
2024-06-13,24.0,81.23,2182.1,179.4,1005.3,115.6,2632.09,3188.47,1007.22,27.68,1.2114
2024-06-14,24.0,81.13,2176.9,180.2,997.5,117.0,2605.94,3608.01,1002.78,27.79,1.3845
2024-06-15,24.0,79.31,2168.2,179.9,1014.4,115.3,2567.57,3335.84,993.52,27.9,1.2992
2024-06-16,24.0,78.33,2226.4,179.7,1072.4,113.4,2476.27,3549.65,963.53,28.01,1.4335
2024-06-17,24.0,78.4,2191.2,179.2,1043.0,114.9,2448.05,3280.06,957.86,28.12,1.3399
2024-06-18,24.0,77.11,2206.6,180.0,1070.5,114.3,2511.0,2876.53,987.97,28.24,1.1456
2024-06-19,24.0,76.54,2177.3,180.2,1064.6,116.5,2490.99,3061.89,985.55,28.35,1.2292
2024-06-20,24.0,78.05,2224.2,179.1,1062.9,113.6,2554.55,2985.8,1016.33,28.46,1.1688
2024-06-21,24.0,77.18,2199.0,180.0,1066.0,111.5,2506.92,3075.06,1002.94,28.57,1.2266
2024-06-22,24.0,78.43,2196.3,180.1,1067.2,113.3,2668.9,3214.88,1073.68,28.69,1.2046
2024-06-23,24.0,76.74,2224.1,179.7,1075.8,112.4,2501.37,3316.58,1011.89,28.8,1.3259
2024-06-24,24.0,77.53,2189.7,180.2,1049.7,113.6,2447.46,3161.07,995.59,28.92,1.2916
2024-06-25,24.0,79.7,2195.8,179.9,1043.0,114.2,2526.98,3437.63,1033.65,29.03,1.3604
2024-06-26,24.0,75.99,2179.0,180.1,1071.4,114.4,2462.69,3227.92,1012.96,29.14,1.3107
2024-06-27,24.0,74.79,2226.6,180.3,1111.9,110.7,2400.9,3105.35,993.03,29.26,1.2934
2024-06-28,24.0,75.66,2233.9,180.3,1117.5,113.0,2387.9,3437.69,993.14,29.37,1.4396
2024-06-29,24.0,75.35,2202.9,180.5,1082.0,115.7,2433.4,3226.18,1017.69,29.49,1.3258
2024-06-30,24.0,75.91,2222.8,180.2,1106.1,114.0,2450.13,3195.46,1030.38,29.6,1.3042
2024-07-01,24.0,75.0,2239.7,179.8,1120.2,113.2,2498.4,3128.48,1056.52,29.72,1.2522
2024-07-02,0.0,75.13,2206.2,179.7,1105.7,62.8,0.0,0.0,0.0,0.0,0.0
2024-07-03,24.0,74.9,2205.7,179.5,1108.7,114.3,2393.71,3258.95,1023.52,29.95,1.3615
2024-07-04,24.0,76.65,2182.1,180.1,1060.7,114.5,2547.02,3463.01,1095.11,30.07,1.3596
2024-07-05,24.0,77.03,2183.8,180.7,1072.8,113.5,2494.96,3532.9,1078.68,30.18,1.416
2024-07-06,24.0,77.54,2174.0,179.8,1044.7,114.2,2446.98,3291.49,1063.81,30.3,1.3451
2024-07-07,24.0,76.92,2176.6,180.2,1064.5,113.7,2435.79,3136.35,1064.81,30.42,1.2876
2024-07-08,24.0,76.19,2212.8,179.6,1101.2,112.7,2386.26,3206.71,1048.94,30.54,1.3438
2024-07-09,24.0,75.54,2187.0,180.1,1099.4,113.2,2426.65,3172.29,1072.61,30.65,1.3073
2024-07-10,24.0,76.13,2196.9,180.6,1079.2,113.8,2490.27,3407.86,1106.83,30.77,1.3685
2024-07-11,24.0,75.5,2197.5,180.3,1096.0,111.0,2496.66,3493.26,1115.81,30.89,1.3992
2024-07-12,24.0,75.94,2214.8,179.2,1090.0,115.6,2357.48,3062.63,1059.44,31.01,1.2991
2024-07-13,24.0,79.05,2158.8,180.3,1046.1,116.0,2571.27,3678.29,1161.91,31.12,1.4305
2024-07-14,24.0,80.36,2160.5,180.3,1010.9,115.9,2575.48,3587.55,1170.25,31.24,1.393
2024-07-15,24.0,79.87,2169.4,180.1,1015.1,116.2,2536.02,3335.4,1158.7,31.36,1.3152
2024-07-16,24.0,81.67,2164.3,180.3,989.1,118.6,2583.06,3509.29,1186.71,31.48,1.3586
2024-07-17,24.0,81.06,2138.0,179.6,986.7,114.5,2483.93,3320.67,1147.48,31.6,1.3369
2024-07-18,24.0,78.0,2159.9,180.0,1041.1,114.4,2515.51,3311.2,1168.49,31.72,1.3163
2024-07-19,24.0,76.49,2164.2,180.6,1058.2,111.8,2369.48,3412.72,1106.74,31.84,1.4403
2024-07-20,24.0,73.68,2235.0,180.5,1133.2,115.6,2307.47,3097.33,1083.73,31.96,1.3423
2024-07-21,24.0,73.16,2225.3,180.3,1138.5,111.4,2343.35,2939.01,1106.65,32.08,1.2542
2024-07-22,24.0,73.18,2202.6,179.6,1116.6,109.5,2238.5,2784.23,1062.97,32.2,1.2438
2024-07-23,24.0,75.7,2210.9,179.5,1102.4,118.4,2337.39,2911.89,1116.05,32.32,1.2458
2024-07-24,24.0,76.19,2175.4,180.1,1062.5,112.5,2473.33,3328.35,1187.47,32.44,1.3457
2024-07-25,24.0,75.86,2189.3,180.1,1071.5,112.8,2407.98,3106.13,1162.47,32.56,1.2899
2024-07-26,24.0,77.1,2167.5,179.9,1053.2,113.8,2407.24,3216.36,1168.52,32.68,1.3361
2024-07-27,24.0,73.79,2198.8,179.6,1115.9,110.4,2338.63,3210.85,1141.47,32.8,1.373
2024-07-28,24.0,74.14,2193.2,180.2,1111.7,112.3,2373.42,3429.92,1164.83,32.92,1.4451
2024-07-29,24.0,75.3,2172.1,180.1,1076.1,109.4,2430.16,3141.93,1199.24,33.04,1.2929
2024-07-30,24.0,73.08,2211.5,180.1,1130.2,112.8,2253.52,2745.06,1118.19,33.16,1.2181
2024-07-31,24.0,74.79,2191.0,180.3,1105.4,110.7,2308.72,3301.08,1151.88,33.29,1.4298
2024-08-01,24.0,75.3,2190.5,179.9,1097.2,112.1,2400.01,2919.87,1204.01,33.41,1.2166
2024-08-02,24.0,74.68,2183.8,179.8,1102.5,113.4,2379.76,2890.36,1200.42,33.53,1.2146
2024-08-03,24.0,75.63,2156.7,180.6,1069.6,112.6,2313.68,3311.66,1173.5,33.65,1.4313
2024-08-04,24.0,79.03,2167.6,179.6,1027.2,115.1,2433.67,3368.91,1241.13,33.77,1.3843
2024-08-05,24.0,79.31,2134.7,179.8,1008.4,114.0,2479.64,3344.94,1271.52,33.9,1.349
2024-08-06,24.0,79.68,2140.0,180.6,996.7,118.9,2500.15,3283.41,1289.07,34.02,1.3133
2024-08-07,24.0,78.99,2148.5,179.7,1031.8,116.1,2477.95,3221.59,1284.64,34.14,1.3001
2024-08-08,24.0,77.72,2153.4,180.0,1051.0,112.8,2367.3,3012.64,1234.0,34.27,1.2726
2024-08-09,24.0,78.96,2150.7,179.8,1026.5,115.5,2472.58,3207.0,1295.94,34.39,1.297
2024-08-10,0.0,77.68,2162.2,179.1,1038.3,58.3,0.0,0.0,0.0,0.0,0.0
2024-08-11,0.0,77.78,2140.8,179.9,1036.1,62.6,0.0,0.0,0.0,0.0,0.0
2024-08-12,0.0,77.07,2173.2,179.5,1066.4,60.3,0.0,0.0,0.0,0.0,0.0
2024-08-13,0.0,77.79,2137.9,180.1,1017.0,58.5,0.0,0.0,0.0,0.0,0.0
2024-08-14,0.0,78.29,2141.9,180.6,1041.0,61.0,0.0,0.0,0.0,0.0,0.0
2024-08-15,0.0,79.84,2117.5,178.9,973.0,59.6,0.0,0.0,0.0,0.0,0.0
2024-08-16,0.0,79.08,2118.2,179.8,1008.6,58.1,0.0,0.0,0.0,0.0,0.0
2024-08-17,24.0,78.67,2146.1,180.2,1035.0,115.6,2369.04,3176.33,1297.08,35.38,1.3408
2024-08-18,24.0,77.21,2187.9,178.9,1060.7,114.6,2385.05,3043.24,1312.98,35.5,1.276
2024-08-19,24.0,76.54,2139.9,180.7,1046.5,115.3,2397.68,3125.11,1327.13,35.63,1.3034
2024-08-20,24.0,77.1,2157.9,180.2,1055.3,114.1,2417.51,3256.52,1345.41,35.75,1.3471
2024-08-21,24.0,78.24,2124.6,180.5,1034.9,114.9,2451.48,3267.57,1371.76,35.88,1.3329
2024-08-22,24.0,76.86,2139.3,179.7,1040.3,114.0,2418.1,3275.83,1360.45,36.0,1.3547
2024-08-23,24.0,80.0,2139.6,179.8,990.7,118.4,2453.06,3290.62,1387.64,36.13,1.3414
2024-08-24,24.0,82.03,2079.7,179.9,938.1,117.0,2561.17,3342.42,1456.69,36.26,1.305
2024-08-25,24.0,84.59,2054.2,181.1,880.2,119.9,2710.74,3492.66,1550.16,36.38,1.2885
2024-08-26,24.0,85.37,2065.6,180.7,899.0,120.7,2610.26,3351.41,1500.82,36.51,1.2839
2024-08-27,24.0,87.14,2061.6,180.1,858.8,121.5,2761.67,3485.38,1596.51,36.63,1.2621
2024-08-28,24.0,87.68,2053.2,180.1,851.0,120.9,2749.25,3443.03,1597.97,36.76,1.2524
2024-08-29,24.0,87.51,2051.9,180.3,863.9,121.4,2680.18,3875.2,1566.29,36.88,1.4459
2024-08-30,24.0,88.0,2042.0,181.2,840.3,121.5,2697.54,3596.45,1584.99,37.01,1.3332
2024-08-31,24.0,87.39,2057.1,180.2,866.2,124.1,2692.88,3536.82,1590.85,37.14,1.3134
2024-09-01,24.0,85.21,2017.9,180.0,861.2,119.0,2660.41,3442.9,1580.19,37.26,1.2941
2024-09-02,24.0,86.43,2039.5,179.8,873.9,119.1,2674.19,3619.82,1596.99,37.39,1.3536
2024-09-03,24.0,84.18,2066.3,180.1,910.1,118.9,2557.11,3586.43,1535.35,37.52,1.4025
2024-09-04,24.0,83.78,2080.4,179.7,917.6,118.5,2460.28,3369.34,1485.22,37.64,1.3695
2024-09-05,24.0,83.12,2096.3,180.2,936.0,118.5,2579.2,3562.31,1565.43,37.77,1.3812
2024-09-06,24.0,84.08,2051.9,179.3,888.8,118.2,2472.99,3178.49,1509.1,37.9,1.2853
2024-09-07,24.0,86.43,2067.2,179.9,877.1,120.7,2569.94,3398.86,1576.74,38.02,1.3225
2024-09-08,24.0,88.24,2023.0,180.4,831.5,122.0,2673.55,3445.03,1649.18,38.15,1.2886
2024-09-09,24.0,89.25,2018.6,180.2,805.0,123.8,2657.71,3545.6,1648.27,38.28,1.3341
2024-09-10,24.0,88.3,2035.8,179.8,830.7,121.9,2709.99,3820.74,1689.77,38.41,1.4099
2024-09-11,24.0,88.03,2025.1,179.9,835.4,121.8,2666.45,3614.56,1671.6,38.53,1.3556
2024-09-12,24.0,87.53,2047.7,180.5,846.7,122.0,2707.03,3877.13,1706.2,38.66,1.4322
2024-09-13,24.0,86.83,2029.5,179.4,830.6,122.1,2556.6,3341.24,1620.07,38.79,1.3069
2024-09-14,24.0,86.22,2033.5,179.4,875.4,118.9,2586.4,3290.41,1647.79,38.92,1.2722
2024-09-15,24.0,85.58,2059.1,179.5,882.9,118.0,2599.68,3528.81,1665.17,39.04,1.3574
2024-09-16,24.0,84.87,2036.5,180.0,861.5,122.0,2578.03,3437.34,1660.19,39.17,1.3333
2024-09-17,24.0,86.3,2039.2,179.3,887.4,121.5,2653.41,3573.09,1717.93,39.3,1.3466
2024-09-18,24.0,84.71,2022.1,180.5,892.5,119.0,2520.06,3372.28,1640.38,39.43,1.3382
2024-09-19,24.0,83.62,2082.0,179.5,917.8,118.6,2508.15,3234.32,1641.39,39.56,1.2895
2024-09-20,24.0,81.24,2090.7,180.1,949.9,116.3,2482.92,3311.55,1633.62,39.68,1.3337
2024-09-21,24.0,83.37,2095.8,179.7,935.0,118.7,2409.33,3336.07,1593.71,39.81,1.3846
2024-09-22,24.0,82.17,2083.0,180.0,943.9,116.1,2501.2,3483.12,1663.36,39.94,1.3926
2024-09-23,24.0,83.16,2037.0,179.2,913.0,119.5,2548.38,3294.93,1703.83,40.07,1.293
2024-09-24,24.0,83.88,2057.2,180.5,898.4,119.0,2462.02,3296.55,1654.9,40.2,1.339
2024-09-25,24.0,85.86,2016.5,179.5,873.3,120.4,2570.79,3663.91,1737.28,40.33,1.4252
2024-09-26,24.0,85.54,2055.4,179.5,878.5,118.5,2652.46,3429.23,1802.07,40.45,1.2928
2024-09-27,24.0,84.12,2025.4,181.2,896.4,119.7,2564.14,3290.57,1751.38,40.58,1.2833
2024-09-28,24.0,81.79,2042.3,180.3,920.8,115.9,2480.54,3417.16,1703.34,40.71,1.3776
2024-09-29,24.0,77.61,2067.7,180.5,1024.4,113.3,2377.34,3242.02,1641.2,40.84,1.3637
2024-09-30,24.0,77.85,2081.5,180.2,1008.2,114.6,2420.89,3065.47,1680.19,40.97,1.2663
2024-10-01,24.0,79.01,2068.1,179.8,1007.6,119.1,2370.42,2915.96,1653.95,41.1,1.2301
2024-10-02,24.0,79.72,2052.8,179.3,970.1,116.1,2369.38,3170.37,1662.04,41.23,1.3381
2024-10-03,24.0,77.43,2118.8,179.9,1019.5,110.3,2364.08,3051.52,1667.17,41.36,1.2908
2024-10-04,24.0,78.99,2083.4,179.5,994.6,114.3,2354.13,2848.78,1669.0,41.49,1.2101
2024-10-05,24.0,77.94,2088.9,179.5,1012.6,115.6,2286.54,2916.58,1629.71,41.61,1.2755
2024-10-06,24.0,76.58,2116.4,179.2,1039.7,111.9,2262.59,3073.36,1621.22,41.74,1.3583
2024-10-07,24.0,75.5,2104.0,180.1,1051.3,114.1,2267.29,2969.4,1633.23,41.87,1.3097
2024-10-08,24.0,75.61,2086.9,180.8,1042.5,113.2,2234.63,3183.49,1618.26,42.0,1.4246
2024-10-09,24.0,73.39,2089.3,180.3,1057.2,112.9,2170.35,2567.55,1580.06,42.13,1.183
2024-10-10,24.0,73.33,2102.1,179.9,1063.8,110.5,2138.47,3011.28,1565.11,42.26,1.4081
2024-10-11,24.0,73.98,2130.5,180.0,1071.9,110.8,2263.98,2931.22,1665.76,42.39,1.2947
2024-10-12,24.0,75.64,2074.8,178.5,1029.8,113.8,2232.97,2880.23,1651.66,42.52,1.2899
2024-10-13,24.0,75.9,2095.7,179.8,1033.0,113.1,2222.33,2706.64,1652.5,42.65,1.2179
2024-10-14,24.0,73.89,2120.9,179.3,1066.4,111.6,2166.43,2922.24,1619.46,42.78,1.3489
2024-10-15,24.0,74.11,2106.8,180.1,1073.6,114.2,2233.15,2677.24,1678.16,42.91,1.1989
2024-10-16,24.0,72.52,2120.2,179.9,1097.9,111.7,2173.62,2982.64,1642.07,43.03,1.3722
2024-10-17,24.0,70.85,2136.3,179.6,1129.0,106.6,2076.54,2527.57,1577.02,43.16,1.2172
2024-10-18,24.0,68.8,2147.5,180.1,1159.9,109.4,2036.77,2498.5,1554.98,43.29,1.2267
2024-10-19,24.0,65.94,2187.8,180.1,1222.3,107.2,1959.87,2419.02,1504.17,43.42,1.2343
2024-10-20,24.0,65.09,2153.8,180.8,1210.8,107.3,1895.31,2403.8,1462.29,43.55,1.2683
2024-10-21,24.0,66.78,2158.4,180.3,1206.8,105.3,1910.08,2630.11,1481.45,43.68,1.377
2024-10-22,24.0,70.16,2099.3,180.1,1110.3,109.6,2090.39,2967.02,1629.84,43.81,1.4194
2024-10-23,24.0,69.3,2101.3,179.5,1132.5,108.7,2015.56,2578.8,1579.76,43.94,1.2794
2024-10-24,24.0,70.93,2117.1,179.5,1132.6,108.2,2106.8,2771.42,1659.96,44.07,1.3155
2024-10-25,24.0,70.34,2130.1,180.3,1127.9,110.7,2082.61,2810.9,1649.52,44.2,1.3497
2024-10-26,24.0,67.86,2165.2,179.9,1195.2,107.1,1997.1,2581.78,1590.11,44.33,1.2928
2024-10-27,24.0,68.92,2167.5,180.1,1177.4,110.0,2006.9,2696.96,1606.29,44.46,1.3438
2024-10-28,24.0,69.27,2147.1,180.5,1158.7,107.4,2007.09,2640.72,1614.87,44.59,1.3157
2024-10-29,24.0,72.0,2115.3,179.2,1104.3,108.2,2063.13,2686.13,1668.66,44.71,1.302
2024-10-30,24.0,69.69,2124.2,180.7,1136.3,108.4,2016.96,2469.43,1639.86,44.84,1.2243
2024-10-31,24.0,73.89,2064.2,180.5,1047.8,112.1,2187.86,2916.28,1788.11,44.97,1.3329
2024-11-01,24.0,76.27,2064.8,179.0,1009.4,112.6,2293.77,3180.16,1884.47,45.1,1.3864
2024-11-02,24.0,76.25,2085.5,181.2,1025.8,108.8,2284.58,2900.99,1886.73,45.23,1.2698
2024-11-03,24.0,75.8,2082.1,180.2,1024.1,113.6,2220.36,2645.41,1843.27,45.36,1.1914
2024-11-04,24.0,74.73,2056.9,179.8,1042.2,112.9,2241.79,2920.02,1870.76,45.49,1.3025
2024-11-05,24.0,74.89,2083.0,180.3,1026.0,113.5,2170.47,3084.77,1820.68,45.62,1.4212
2024-11-06,24.0,74.61,2082.8,179.5,1051.6,111.7,2117.92,2968.44,1785.86,45.75,1.4016
2024-11-07,24.0,75.39,2072.9,180.3,1034.5,112.1,2279.14,2926.26,1931.81,45.88,1.2839
2024-11-08,24.0,74.94,2069.7,179.6,1038.1,114.6,2203.43,2980.64,1877.35,46.0,1.3527
2024-11-09,24.0,77.07,2062.1,181.0,1012.9,111.6,2171.35,2961.42,1859.63,46.13,1.3639
2024-11-10,24.0,77.25,2060.0,180.0,996.2,113.7,2313.79,3290.39,1991.91,46.26,1.4221
2024-11-11,24.0,76.87,2041.9,180.3,998.1,114.0,2197.64,2685.99,1901.73,46.39,1.2222
2024-11-12,24.0,78.41,2045.0,179.6,958.9,115.8,2249.67,2820.85,1956.85,46.52,1.2539
2024-11-13,24.0,75.97,2053.7,180.4,1009.4,113.4,2246.24,2675.0,1963.99,46.65,1.1909
2024-11-14,24.0,76.48,2029.1,180.0,1003.1,112.2,2274.63,2913.98,1999.11,46.78,1.2811
2024-11-15,24.0,76.52,2041.6,179.3,986.7,115.3,2169.31,3027.65,1916.41,46.91,1.3957
2024-11-16,24.0,74.41,2042.5,179.9,1030.9,112.1,2214.0,2851.28,1966.0,47.03,1.2878
2024-11-17,24.0,71.84,2100.1,181.0,1087.5,107.8,2111.26,2604.5,1884.44,47.16,1.2336
2024-11-18,24.0,73.36,2077.5,180.4,1060.4,111.7,2083.16,2785.0,1868.96,47.29,1.3369
2024-11-19,24.0,74.8,2054.2,179.8,1023.6,113.1,2146.38,2877.51,1935.6,47.42,1.3406
2024-11-20,24.0,75.06,2077.7,179.1,1025.5,115.5,2228.33,2795.81,2019.86,47.55,1.2547
2024-11-21,24.0,77.64,2035.8,179.6,986.0,115.0,2165.33,2797.51,1972.86,47.67,1.292
2024-11-22,24.0,78.3,2006.9,179.3,958.9,112.6,2314.59,3096.87,2119.69,47.8,1.338
2024-11-23,24.0,80.17,2005.8,179.1,939.8,114.0,2343.48,3228.45,2157.18,47.93,1.3776
2024-11-24,24.0,80.8,2030.7,180.4,944.8,118.4,2344.36,3007.59,2169.06,48.06,1.2829
2024-11-25,24.0,80.39,1998.4,180.0,939.7,115.1,2313.07,2951.49,2151.09,48.19,1.276
2024-11-26,24.0,78.8,2024.2,180.9,962.1,112.8,2348.73,3413.61,2195.45,48.31,1.4534
2024-11-27,0.0,77.9,2037.5,179.5,992.1,61.5,0.0,0.0,0.0,0.0,0.0
2024-11-28,24.0,77.51,2037.2,180.0,974.7,113.5,2191.77,2941.18,2069.76,48.57,1.3419
2024-11-29,24.0,79.56,2047.7,179.3,970.7,117.1,2303.68,3150.15,2186.56,48.7,1.3674
2024-11-30,24.0,80.71,1983.0,179.7,920.6,115.1,2393.52,2898.94,2283.43,48.82,1.2112
2024-12-01,24.0,81.21,1979.4,179.9,910.1,119.1,2282.87,3034.17,2188.99,48.95,1.3291
2024-12-02,24.0,82.51,1966.7,179.8,889.3,119.1,2366.14,2891.04,2280.41,49.08,1.2218
2024-12-03,24.0,83.3,1972.3,180.0,867.4,117.2,2423.08,3203.89,2347.17,49.2,1.3222
2024-12-04,24.0,83.7,1989.0,180.5,867.2,116.1,2288.52,3251.59,2228.11,49.33,1.4208
2024-12-05,24.0,81.45,1974.0,180.4,919.2,120.5,2357.19,2980.31,2306.64,49.46,1.2643
2024-12-06,24.0,83.16,1991.4,179.6,885.7,117.9,2313.99,2819.63,2275.87,49.58,1.2185
2024-12-07,24.0,82.47,1979.7,180.0,889.4,116.6,2353.09,3425.89,2326.06,49.71,1.4559
2024-12-08,24.0,84.1,1948.4,180.4,845.0,121.0,2443.25,3070.0,2427.44,49.84,1.2565
2024-12-09,24.0,85.88,1923.5,180.5,807.4,121.5,2320.6,2866.08,2317.27,49.96,1.2351
2024-12-10,24.0,84.87,1933.8,179.7,838.7,121.2,2444.5,3525.67,2453.34,50.09,1.4423
2024-12-11,24.0,86.3,1934.3,180.4,818.0,120.3,2544.82,3193.82,2566.93,50.22,1.255
2024-12-12,24.0,85.76,1945.0,180.2,833.0,122.9,2401.91,3465.89,2435.02,50.34,1.443
2024-12-13,24.0,85.22,1971.0,179.5,852.0,117.7,2438.62,3290.45,2484.72,50.47,1.3493
2024-12-14,24.0,85.61,1958.6,180.4,865.7,119.1,2484.44,3522.1,2544.17,50.59,1.4177
2024-12-15,24.0,86.04,1929.6,180.1,819.4,120.8,2352.46,3168.83,2421.15,50.72,1.347
2024-12-16,24.0,86.1,1946.8,179.1,845.2,122.0,2466.42,3465.62,2551.2,50.84,1.4051
2024-12-17,24.0,84.09,1980.4,179.9,886.5,119.9,2419.79,3071.07,2515.56,50.97,1.2691
2024-12-18,24.0,83.91,1984.1,180.0,881.7,118.6,2394.4,3086.66,2501.67,51.1,1.2891
2024-12-19,24.0,87.33,1922.9,179.7,801.0,120.4,2462.78,2940.33,2586.02,51.22,1.1939
2024-12-20,24.0,83.15,1974.4,180.6,866.2,120.0,2292.26,3198.74,2419.03,51.35,1.3955
2024-12-21,24.0,40.0,2325.0,180.6,1709.8,89.1,1155.6,1534.66,1225.62,51.47,1.328
2024-12-22,24.0,41.59,2267.8,179.8,1649.3,87.8,1168.73,1449.0,1245.74,51.59,1.2398
2024-12-23,24.0,40.65,2289.2,179.8,1686.3,87.1,1120.13,1332.61,1199.9,51.72,1.1897
2024-12-24,24.0,40.02,2334.1,179.9,1701.8,87.2,1115.12,1470.02,1200.51,51.84,1.3183
2024-12-25,24.0,38.09,2310.7,179.9,1721.5,85.7,1075.09,1517.08,1163.19,51.97,1.4111
2024-12-26,24.0,38.24,2269.0,179.7,1681.1,88.3,1037.14,1344.65,1127.72,52.09,1.2965
2024-12-27,24.0,35.8,2329.7,178.1,1767.3,85.7,1001.73,1259.65,1094.63,52.22,1.2575
2024-12-28,24.0,36.63,2340.7,180.9,1775.8,86.5,1015.16,1257.22,1114.83,52.34,1.2384
2024-12-29,24.0,39.63,2298.8,180.0,1684.6,88.0,1136.51,1573.39,1254.29,52.46,1.3844
2024-12-30,24.0,40.71,2299.8,179.9,1667.4,88.9,1093.42,1369.05,1212.72,52.59,1.2521
2024-12-31,24.0,40.01,2307.7,180.2,1700.2,85.6,1136.49,1452.45,1266.74,52.71,1.278
2025-01-01,24.0,40.8,2280.9,180.0,1665.1,89.7,1168.9,1604.29,1309.31,52.83,1.3725
2025-01-02,24.0,43.23,2258.0,179.8,1610.8,89.4,1159.16,1562.7,1304.83,52.96,1.3481
2025-01-03,24.0,45.58,2248.2,179.5,1558.4,91.9,1224.4,1574.0,1385.08,53.08,1.2855
2025-01-04,24.0,44.08,2259.6,179.1,1608.5,90.1,1268.92,1599.65,1442.52,53.2,1.2606
2025-01-05,12.0,44.84,2250.5,179.3,1577.9,75.9,611.42,857.82,698.49,53.32,1.403
2025-01-06,24.0,44.61,2252.0,179.4,1606.1,92.1,1314.5,1622.06,1509.1,53.45,1.234
2025-01-07,24.0,45.82,2228.6,180.3,1549.5,90.6,1224.46,1585.93,1412.65,53.57,1.2952
2025-01-08,24.0,46.39,2245.5,180.4,1527.6,92.9,1289.68,1559.26,1495.2,53.69,1.209
2025-01-09,24.0,42.84,2270.6,179.6,1598.4,89.3,1185.32,1639.33,1380.96,53.81,1.383
2025-01-10,24.0,42.32,2244.7,178.7,1617.7,91.6,1165.61,1487.94,1364.66,53.93,1.2765
2025-01-11,24.0,42.61,2255.5,180.0,1627.7,88.2,1188.7,1498.87,1398.5,54.05,1.2609
2025-01-12,24.0,40.46,2278.9,179.8,1656.3,86.8,1129.07,1521.83,1334.85,54.18,1.3479
2025-01-13,24.0,41.33,2261.5,179.8,1659.3,88.4,1136.75,1378.88,1350.5,54.3,1.213
2025-01-14,24.0,39.05,2296.3,180.5,1715.2,85.9,1054.78,1418.26,1259.23,54.42,1.3446
2025-01-15,24.0,37.85,2294.3,180.1,1717.4,86.2,1064.65,1362.58,1277.21,54.54,1.2798
2025-01-16,24.0,39.86,2280.7,179.5,1680.0,87.1,1111.13,1362.07,1339.46,54.66,1.2258
2025-01-17,24.0,38.54,2281.7,179.4,1704.4,87.1,1062.42,1317.18,1286.98,54.78,1.2398
2025-01-18,24.0,39.4,2249.9,179.9,1677.8,89.1,1095.73,1383.26,1333.78,54.9,1.2624
2025-01-19,24.0,36.77,2269.0,179.5,1719.7,85.8,1025.25,1308.73,1254.04,55.02,1.2765
2025-01-20,24.0,39.89,2282.6,180.0,1677.5,88.2,1077.87,1321.61,1324.8,55.14,1.2261
2025-01-21,24.0,39.43,2280.4,180.5,1687.6,86.0,1093.3,1447.27,1350.27,55.26,1.3238
2025-01-22,24.0,39.57,2280.8,179.3,1684.4,87.5,1072.21,1312.99,1330.63,55.38,1.2246
2025-01-23,24.0,39.84,2273.0,180.0,1678.5,87.3,1108.21,1275.24,1381.95,55.5,1.1507
2025-01-24,24.0,40.75,2265.9,180.5,1634.6,89.6,1110.46,1589.29,1391.44,55.62,1.4312
2025-01-25,24.0,38.48,2294.4,180.0,1709.0,85.8,1064.46,1401.09,1340.22,55.73,1.3162
2025-01-26,24.0,38.47,2285.6,180.4,1704.0,85.6,1041.4,1494.64,1317.5,55.85,1.4352
2025-01-27,24.0,37.48,2301.4,179.9,1725.6,86.7,1036.31,1279.54,1317.36,55.97,1.2347
2025-01-28,24.0,34.95,2307.6,180.1,1777.8,87.4,934.13,1245.64,1193.18,56.09,1.3335
2025-01-29,24.0,36.43,2287.6,180.2,1751.3,85.2,993.1,1352.88,1274.58,56.21,1.3623
2025-01-30,24.0,35.9,2298.2,179.7,1749.6,85.4,996.39,1286.0,1284.93,56.32,1.2907
2025-01-31,24.0,36.26,2278.8,181.0,1734.9,86.8,995.54,1204.98,1289.98,56.44,1.2104
2025-02-01,24.0,36.53,2282.5,180.3,1742.7,86.3,996.68,1282.82,1297.62,56.56,1.2871
2025-02-02,24.0,36.03,2293.8,180.7,1744.5,86.0,1013.76,1362.73,1326.16,56.68,1.3442
2025-02-03,24.0,38.99,2268.9,180.5,1670.2,87.2,1079.71,1451.08,1419.17,56.79,1.344
2025-02-04,24.0,38.92,2264.4,180.2,1683.0,87.1,1073.34,1401.57,1417.51,56.91,1.3058
2025-02-05,24.0,36.58,2262.8,180.7,1688.9,84.5,1004.17,1370.37,1332.46,57.02,1.3647
2025-02-06,24.0,35.98,2297.0,180.1,1723.0,85.9,989.32,1344.04,1319.0,57.14,1.3585
2025-02-07,24.0,36.73,2292.9,179.6,1734.7,86.4,1026.52,1302.97,1375.08,57.26,1.2693
2025-02-08,24.0,37.53,2297.6,180.0,1699.3,87.3,1005.87,1210.99,1353.81,57.37,1.2039
2025-02-09,24.0,35.9,2291.6,179.5,1730.0,84.4,989.07,1301.61,1337.49,57.49,1.316
2025-02-10,24.0,37.29,2272.8,178.9,1704.0,87.4,1013.51,1273.39,1377.01,57.6,1.2564
2025-02-11,24.0,34.65,2277.8,179.6,1744.4,86.0,927.06,1218.29,1265.5,57.72,1.3141
2025-02-12,24.0,36.37,2300.6,180.0,1741.3,83.6,977.76,1359.6,1340.99,57.83,1.3905
2025-02-13,24.0,34.39,2296.7,180.5,1781.3,83.6,929.72,1238.08,1281.11,57.95,1.3317
2025-02-14,24.0,34.05,2297.6,179.6,1778.5,85.6,900.02,1248.86,1246.01,58.06,1.3876
2025-02-15,12.0,35.64,2277.1,180.5,1727.6,71.5,487.28,603.61,677.77,58.18,1.2387
2025-02-16,24.0,35.82,2273.7,179.4,1744.2,85.9,960.04,1321.15,1341.61,58.29,1.3761
2025-02-17,24.0,37.05,2277.9,179.5,1701.0,85.9,995.82,1408.3,1398.11,58.4,1.4142
2025-02-18,24.0,37.98,2243.8,180.7,1678.0,87.1,1045.88,1372.07,1475.26,58.52,1.3119
2025-02-19,24.0,39.91,2267.1,180.0,1648.5,88.0,1071.86,1562.11,1518.97,58.63,1.4574
2025-02-20,24.0,41.5,2250.0,179.9,1630.0,90.2,1145.41,1432.98,1630.76,58.74,1.2511
2025-02-21,24.0,40.82,2228.0,180.1,1618.5,87.0,1080.32,1368.96,1545.25,58.85,1.2672
2025-02-22,24.0,41.77,2211.8,179.4,1606.7,87.9,1091.77,1477.21,1568.9,58.97,1.353
2025-02-23,24.0,39.48,2211.8,179.8,1636.9,89.8,1048.13,1377.23,1513.17,59.08,1.314
2025-02-24,24.0,39.39,2222.9,180.0,1633.3,90.7,991.86,1250.53,1438.57,59.19,1.2608
2025-02-25,24.0,40.62,2241.8,180.6,1626.9,88.4,1102.62,1486.72,1606.61,59.3,1.3484
2025-02-26,24.0,40.82,2232.9,179.2,1622.1,91.1,1064.85,1418.25,1558.75,59.41,1.3319
2025-02-27,24.0,41.49,2229.2,180.9,1631.4,87.9,1090.77,1385.85,1604.07,59.52,1.2705
2025-02-28,24.0,41.17,2195.7,179.9,1609.2,88.0,1110.74,1470.85,1640.96,59.63,1.3242
2025-03-01,24.0,42.86,2202.9,179.4,1563.7,92.2,1141.89,1554.08,1694.75,59.74,1.361
2025-03-02,24.0,42.74,2229.2,179.4,1602.0,91.1,1125.05,1427.77,1677.43,59.86,1.2691
2025-03-03,24.0,42.05,2211.9,180.1,1574.6,91.8,1070.14,1438.6,1602.89,59.97,1.3443
2025-03-04,24.0,43.37,2182.6,179.3,1547.0,91.1,1179.93,1481.96,1775.43,60.07,1.256
2025-03-05,24.0,41.27,2215.8,179.7,1596.9,87.4,1109.05,1403.96,1676.42,60.18,1.2659
2025-03-06,24.0,42.02,2198.9,179.9,1593.6,89.7,1158.02,1603.24,1758.44,60.29,1.3845
2025-03-07,24.0,40.46,2227.0,180.6,1613.4,90.1,1057.23,1426.54,1612.71,60.4,1.3493
2025-03-08,24.0,42.37,2205.9,180.5,1587.1,89.5,1087.2,1290.68,1665.99,60.51,1.1872
2025-03-09,24.0,41.98,2215.9,179.7,1595.7,89.0,1130.64,1453.49,1740.44,60.62,1.2855
2025-03-10,24.0,42.18,2186.8,179.9,1570.1,90.3,1108.84,1491.07,1714.63,60.73,1.3447
2025-03-11,24.0,42.8,2192.4,179.2,1583.5,89.1,1142.64,1509.65,1774.92,60.84,1.3212
2025-03-12,24.0,39.91,2237.6,179.0,1659.9,88.4,1085.39,1463.83,1693.62,60.94,1.3487
2025-03-13,24.0,38.93,2207.7,179.4,1633.3,87.3,1032.73,1361.53,1618.74,61.05,1.3184
2025-03-14,24.0,40.5,2199.5,180.6,1602.2,87.6,1068.69,1392.26,1682.66,61.16,1.3028
2025-03-15,24.0,41.8,2206.1,180.4,1576.3,90.7,1103.53,1434.82,1745.36,61.26,1.3002
2025-03-16,24.0,42.22,2203.0,180.2,1582.8,90.5,1072.41,1482.88,1703.77,61.37,1.3828
2025-03-17,24.0,40.2,2206.5,179.3,1634.7,87.6,1078.14,1462.45,1720.58,61.48,1.3565
2025-03-18,24.0,41.08,2201.6,179.6,1597.4,88.7,1102.2,1474.57,1766.87,61.58,1.3378
2025-03-19,24.0,42.15,2204.2,179.6,1592.2,89.1,1115.83,1469.43,1796.73,61.69,1.3169
2025-03-20,24.0,42.22,2207.4,179.9,1572.1,88.6,1071.54,1366.0,1733.14,61.79,1.2748
2025-03-21,24.0,44.05,2162.9,179.9,1523.4,88.3,1149.37,1487.78,1867.33,61.9,1.2944
2025-03-22,24.0,43.03,2191.6,179.5,1567.6,89.4,1156.83,1598.8,1887.83,62.0,1.3821
2025-03-23,24.0,42.26,2213.9,180.2,1591.2,88.6,1091.09,1499.0,1788.47,62.11,1.3739
2025-03-24,24.0,38.54,2218.3,180.1,1656.7,87.1,1029.3,1304.48,1694.69,62.21,1.2673
2025-03-25,24.0,39.92,2191.8,179.6,1602.5,88.6,1041.78,1373.78,1722.84,62.32,1.3187
2025-03-26,24.0,40.39,2186.3,180.2,1580.2,87.1,1067.07,1435.56,1772.49,62.42,1.3453
2025-03-27,24.0,37.86,2220.0,180.6,1670.8,87.1,977.42,1307.89,1630.77,62.52,1.3381
2025-03-28,24.0,35.23,2258.0,180.7,1718.4,83.2,917.71,1224.47,1537.9,62.63,1.3343
2025-03-29,24.0,33.92,2251.3,180.2,1747.4,83.6,889.12,1097.43,1496.56,62.73,1.2343
2025-03-30,24.0,35.11,2244.3,180.2,1723.5,83.7,891.85,1097.84,1507.76,62.83,1.231
2025-03-31,24.0,34.66,2229.1,179.9,1697.4,85.4,904.13,1252.75,1535.25,62.94,1.3856
2025-04-01,24.0,33.45,2267.4,180.5,1772.3,83.6,820.5,1152.19,1399.35,63.04,1.4043
2025-04-02,24.0,31.94,2246.5,179.5,1762.5,82.2,817.43,989.5,1400.22,63.14,1.2105
2025-04-03,24.0,30.36,2267.8,180.5,1809.3,80.3,794.49,1035.86,1366.88,63.24,1.3038
2025-04-04,24.0,27.46,2307.0,179.9,1881.0,78.7,726.22,984.26,1254.89,63.34,1.3553
2025-04-05,24.0,25.65,2280.4,180.7,1906.7,80.7,669.19,776.68,1161.38,63.44,1.1606
2025-04-06,24.0,24.05,2325.5,180.3,1966.1,76.1,603.62,742.93,1052.15,63.54,1.2308
2025-04-07,24.0,25.07,2298.1,180.0,1895.9,78.3,660.22,856.31,1155.8,63.64,1.297
2025-04-08,24.0,24.82,2314.9,179.9,1954.4,77.2,625.31,789.56,1099.43,63.74,1.2627
2025-04-09,24.0,23.58,2318.3,180.3,1947.0,77.2,614.98,808.64,1085.94,63.84,1.3149
2025-04-10,24.0,27.05,2326.4,180.2,1927.9,80.2,680.77,950.58,1207.32,63.94,1.3963
2025-04-11,24.0,26.05,2295.9,179.8,1894.6,77.7,659.65,822.96,1174.9,64.04,1.2476
2025-04-12,24.0,27.8,2314.4,180.0,1882.0,80.5,700.79,914.46,1253.56,64.14,1.3049
2025-04-13,24.0,30.23,2275.1,180.4,1814.1,85.3,778.5,998.41,1398.56,64.24,1.2825
2025-04-14,24.0,27.88,2272.1,179.3,1845.8,80.4,712.5,936.34,1285.48,64.34,1.3142
2025-04-15,24.0,27.99,2287.2,180.4,1885.7,82.0,724.89,945.49,1313.43,64.44,1.3043
2025-04-16,24.0,27.21,2282.9,180.3,1868.0,79.8,696.85,1028.9,1268.04,64.53,1.4765
2025-04-17,24.0,26.32,2297.3,180.6,1891.2,77.0,653.08,914.48,1193.47,64.63,1.4003
2025-04-18,24.0,27.15,2275.3,179.6,1864.3,79.4,698.16,838.99,1281.29,64.73,1.2017
2025-04-19,24.0,26.21,2317.8,180.0,1903.1,77.9,646.25,803.09,1191.06,64.83,1.2427
2025-04-20,24.0,80.0,1875.1,180.1,891.0,115.1,2006.62,2582.86,3713.96,64.92,1.2872
2025-04-21,24.0,79.75,1862.7,180.4,857.7,115.7,2019.86,2540.17,3754.32,65.02,1.2576
2025-04-22,24.0,79.89,1886.0,180.2,875.3,115.7,2019.09,2517.28,3768.76,65.12,1.2467
2025-04-23,24.0,77.64,1878.2,179.4,915.4,112.8,1912.61,2538.16,3585.08,65.21,1.3271
2025-04-24,0.0,78.59,1884.9,180.1,897.8,64.1,0.0,0.0,0.0,0.0,0.0
2025-04-25,24.0,82.27,1838.6,181.0,835.7,118.8,2161.34,2772.12,4085.52,65.4,1.2826
2025-04-26,24.0,82.43,1841.6,180.3,844.9,118.1,2189.16,3235.09,4155.48,65.5,1.4778
2025-04-27,24.0,79.87,1854.0,180.8,876.8,116.0,2074.63,2688.89,3954.59,65.59,1.2961
2025-04-28,24.0,80.13,1853.6,180.5,864.8,117.9,2016.8,2644.82,3860.46,65.68,1.3114
2025-04-29,24.0,80.12,1853.8,180.7,884.5,119.2,2014.38,2801.68,3871.92,65.78,1.3908
2025-04-30,24.0,79.99,1841.2,180.2,853.1,117.0,2007.24,2633.91,3874.29,65.87,1.3122
2025-05-01,24.0,81.41,1832.9,180.3,837.2,117.2,2142.35,2709.21,4152.28,65.97,1.2646
2025-05-02,24.0,83.48,1818.1,180.1,806.0,120.6,2106.24,2794.6,4099.25,66.06,1.3268
2025-05-03,24.0,84.5,1815.6,180.0,791.8,119.4,2189.58,3239.36,4279.1,66.15,1.4794
2025-05-04,24.0,84.3,1812.3,180.4,783.1,119.7,2179.35,2859.91,4276.73,66.24,1.3123
2025-05-05,24.0,85.99,1815.9,179.7,759.1,121.7,2177.73,2794.12,4291.2,66.34,1.283
2025-05-06,24.0,83.75,1827.9,180.9,811.5,118.0,2049.95,2811.62,4056.07,66.43,1.3716
2025-05-07,4.0,82.67,1819.9,179.5,810.5,66.5,346.43,458.47,688.28,66.52,1.3234
2025-05-08,24.0,81.77,1849.8,180.4,860.5,116.6,2064.09,3148.2,4117.68,66.61,1.5252
2025-05-09,24.0,81.72,1856.6,180.7,844.4,118.4,2107.78,2715.01,4222.07,66.7,1.2881
2025-05-10,24.0,82.48,1790.7,179.9,803.5,118.8,2073.49,3034.09,4170.37,66.79,1.4633
2025-05-11,24.0,82.18,1836.8,179.4,841.4,119.5,2013.56,2860.64,4066.37,66.88,1.4207
2025-05-12,24.0,80.82,1822.3,180.6,844.4,116.0,2067.8,2725.72,4192.92,66.97,1.3182
2025-05-13,24.0,82.28,1832.0,180.1,825.3,120.0,2053.36,2757.12,4180.56,67.06,1.3427
2025-05-14,24.0,81.93,1840.4,180.4,828.8,117.6,1947.74,2479.68,3981.6,67.15,1.2731
2025-05-15,24.0,82.08,1806.5,179.9,854.5,118.4,2067.81,2706.63,4244.18,67.24,1.3089
2025-05-16,24.0,82.91,1784.2,180.9,801.6,119.4,2094.26,2766.29,4315.83,67.33,1.3209
2025-05-17,24.0,82.97,1823.1,178.9,825.5,116.0,2038.31,2760.57,4217.47,67.42,1.3543
2025-05-18,24.0,83.03,1811.1,180.2,798.3,116.6,2065.28,2581.07,4290.47,67.51,1.2497
2025-05-19,24.0,84.58,1770.7,180.7,766.5,117.6,2137.92,2927.31,4459.22,67.59,1.3692
2025-05-20,24.0,84.81,1830.8,180.1,816.8,121.0,2128.16,2837.41,4456.65,67.68,1.3333
2025-05-21,24.0,86.1,1790.9,180.2,776.9,119.8,2077.61,2853.19,4368.2,67.77,1.3733
2025-05-22,24.0,86.92,1784.1,179.8,754.9,123.9,2217.55,3068.99,4681.03,67.85,1.384
2025-05-23,24.0,89.94,1769.3,180.0,704.6,123.0,2313.16,3083.69,4902.32,67.94,1.3331
2025-05-24,24.0,90.56,1734.2,179.2,684.9,121.2,2227.29,3083.35,4739.1,68.03,1.3844
2025-05-25,24.0,91.51,1736.3,179.6,670.2,123.1,2185.4,2939.98,4668.4,68.11,1.3453
2025-05-26,24.0,93.17,1700.3,179.6,632.7,125.4,2347.07,3296.74,5033.61,68.2,1.4046
2025-05-27,24.0,93.26,1709.2,180.3,655.8,126.1,2280.79,3135.85,4910.79,68.29,1.3749
2025-05-28,24.0,92.31,1730.8,179.7,671.1,123.1,2310.87,3151.76,4995.17,68.37,1.3639
2025-05-29,24.0,91.59,1704.7,179.7,671.1,125.0,2366.83,3187.99,5136.27,68.46,1.3469
2025-05-30,24.0,90.9,1724.8,179.8,676.2,124.9,2178.35,3136.39,4745.8,68.54,1.4398
2025-05-31,24.0,89.47,1730.8,179.6,701.0,121.7,2175.64,3000.29,4758.46,68.62,1.379
2025-06-01,24.0,89.95,1742.1,180.1,693.1,125.9,2212.24,2790.54,4857.42,68.71,1.2614
2025-06-02,24.0,89.0,1755.1,180.2,706.4,121.5,2252.56,2968.21,4965.24,68.79,1.3177
2025-06-03,24.0,89.3,1754.3,180.4,726.6,121.0,2357.87,3145.87,5217.59,68.87,1.3342
2025-06-04,24.0,89.06,1759.1,180.3,715.9,120.0,2204.48,2974.17,4897.12,68.96,1.3491
2025-06-05,24.0,89.0,1764.2,180.3,722.6,124.1,2118.81,2883.07,4725.04,69.04,1.3607
2025-06-06,24.0,89.83,1745.1,179.8,708.4,122.9,2193.83,2822.69,4911.27,69.12,1.2866
2025-06-07,24.0,89.02,1769.8,179.8,720.9,121.6,2153.45,2893.63,4839.46,69.21,1.3437
2025-06-08,24.0,89.98,1734.6,179.6,696.5,120.8,2241.04,2980.78,5055.69,69.29,1.3301
2025-06-09,24.0,92.33,1710.4,179.6,646.8,124.0,2282.14,3256.19,5168.18,69.37,1.4268
2025-06-10,4.0,92.84,1717.1,180.1,645.3,74.4,371.39,477.37,844.27,69.45,1.2854
2025-06-11,24.0,91.67,1713.1,179.6,656.7,121.0,2207.86,2985.0,5038.33,69.53,1.352
2025-06-12,24.0,90.75,1750.5,180.7,697.6,122.6,2204.93,2874.52,5050.84,69.61,1.3037
2025-06-13,24.0,90.37,1741.7,180.0,693.1,126.0,2199.46,3247.67,5057.5,69.69,1.4766
2025-06-14,24.0,89.48,1742.2,180.8,693.9,124.5,2184.63,3136.18,5042.47,69.77,1.4356
2025-06-15,24.0,87.99,1743.8,180.3,726.6,120.7,2150.53,2665.78,4982.57,69.85,1.2396
2025-06-16,24.0,88.23,1732.9,179.6,719.1,122.1,2205.54,2862.01,5129.35,69.93,1.2976
2025-06-17,24.0,87.89,1751.2,180.0,718.1,122.2,2125.57,2994.29,4962.0,70.01,1.4087
2025-06-18,24.0,88.18,1720.5,179.2,708.8,121.9,2124.41,2939.04,4977.96,70.09,1.3835
2025-06-19,24.0,89.96,1745.2,180.1,704.0,125.6,2130.72,2938.64,5011.49,70.17,1.3792
2025-06-20,24.0,89.6,1721.4,179.7,684.5,123.2,2169.23,2961.78,5121.19,70.25,1.3654
2025-06-21,24.0,87.83,1741.9,179.4,727.7,123.2,2144.98,3035.06,5082.87,70.32,1.415
2025-06-22,24.0,87.23,1727.5,180.8,725.9,121.3,2044.75,2872.34,4863.42,70.4,1.4047
2025-06-23,24.0,88.38,1741.7,180.5,705.5,118.8,2129.46,2834.48,5083.75,70.48,1.3311
2025-06-24,24.0,89.4,1715.0,180.5,695.1,120.8,2217.35,2820.13,5313.23,70.56,1.2718
2025-06-25,24.0,90.18,1724.3,180.4,691.4,121.6,2212.49,2738.83,5321.2,70.63,1.2379
2025-06-26,24.0,89.24,1732.5,179.4,695.5,122.1,2175.87,2925.44,5252.46,70.71,1.3445
2025-06-27,24.0,90.37,1701.4,179.8,670.9,126.4,2212.44,2720.29,5360.42,70.78,1.2295
2025-06-28,24.0,91.83,1681.6,179.8,642.0,124.8,2193.46,3011.37,5333.99,70.86,1.3729
2025-06-29,24.0,90.79,1728.8,179.1,677.9,123.4,2160.97,2876.23,5274.25,70.94,1.331
2025-06-30,4.0,90.73,1702.5,179.7,672.6,72.4,374.09,555.88,916.38,71.01,1.486
2025-07-01,24.0,93.76,1683.5,179.7,625.8,123.5,2297.49,3168.17,5648.52,71.09,1.379
2025-07-02,24.0,92.65,1695.3,180.1,633.4,124.1,2198.16,2973.47,5423.99,71.16,1.3527
2025-07-03,24.0,90.09,1688.7,181.3,667.6,122.1,2086.64,2599.33,5167.51,71.24,1.2457
2025-07-04,24.0,92.16,1696.9,180.0,650.1,125.1,2184.12,2771.71,5428.52,71.31,1.269
2025-07-05,24.0,93.87,1676.8,180.1,635.6,127.1,2280.02,3197.71,5687.35,71.38,1.4025
2025-07-06,24.0,93.18,1670.2,179.9,638.6,125.9,2207.76,2948.67,5526.97,71.46,1.3356
2025-07-07,24.0,93.01,1662.9,180.4,640.1,125.8,2246.11,3435.66,5643.2,71.53,1.5296
2025-07-08,24.0,91.18,1703.1,179.5,660.5,123.3,2247.63,3030.71,5667.29,71.6,1.3484
2025-07-09,24.0,91.31,1708.8,180.9,670.0,124.4,2182.92,2979.61,5523.82,71.68,1.365
2025-07-10,24.0,93.06,1679.6,179.9,613.4,123.9,2237.52,2834.3,5682.21,71.75,1.2667
2025-07-11,24.0,92.24,1661.0,179.8,643.8,125.6,2236.08,3179.63,5698.78,71.82,1.422
2025-07-12,24.0,93.56,1655.2,180.5,628.9,124.7,2187.12,2832.86,5593.8,71.89,1.2952
2025-07-13,24.0,94.26,1658.0,179.6,612.6,124.3,2215.54,3087.35,5686.55,71.96,1.3935
2025-07-14,24.0,95.12,1680.1,180.4,617.6,126.6,2302.19,3248.51,5929.86,72.03,1.4111
2025-07-15,24.0,94.4,1657.7,180.7,599.4,123.2,2251.76,3072.24,5820.39,72.1,1.3644
2025-07-16,24.0,93.86,1657.7,179.9,612.4,127.9,2241.07,3310.6,5813.14,72.18,1.4772
2025-07-17,24.0,91.09,1660.8,181.0,659.9,125.0,2169.35,2855.25,5646.86,72.25,1.3162
2025-07-18,24.0,90.24,1681.9,180.3,675.1,123.7,2187.97,3215.14,5715.24,72.32,1.4695
2025-07-19,24.0,91.99,1658.3,180.3,637.2,122.0,2204.77,2803.45,5779.23,72.39,1.2715
2025-07-20,24.0,90.6,1672.0,180.7,670.3,122.4,2170.19,3061.94,5708.38,72.45,1.4109
2025-07-21,24.0,89.43,1697.2,180.8,686.8,122.7,2173.26,2922.77,5736.32,72.52,1.3449
2025-07-22,24.0,90.39,1680.7,180.1,662.9,122.9,2211.32,2892.21,5856.99,72.59,1.3079
2025-07-23,24.0,90.99,1706.5,180.4,669.5,121.2,2251.79,2795.03,5984.78,72.66,1.2412
2025-07-24,24.0,92.02,1687.9,180.7,647.8,122.4,2152.58,2879.4,5740.8,72.73,1.3377
2025-07-25,24.0,90.28,1675.6,179.4,655.3,122.8,2240.29,2989.47,5995.26,72.8,1.3344
2025-07-26,24.0,94.13,1639.2,179.1,623.2,124.0,2175.17,2982.71,5840.93,72.86,1.3713
2025-07-27,24.0,92.3,1687.4,180.0,643.4,126.7,2263.53,3179.14,6098.97,72.93,1.4045
2025-07-28,24.0,92.53,1688.7,179.1,638.6,125.5,2155.17,2802.7,5826.8,73.0,1.3005
2025-07-29,24.0,92.3,1631.8,179.8,612.5,123.4,2172.5,3214.75,5893.63,73.07,1.4797
2025-07-30,24.0,90.52,1679.4,180.2,639.6,125.1,2132.64,2814.06,5805.09,73.13,1.3195
2025-07-31,24.0,89.96,1677.7,179.9,678.6,124.4,2080.34,2906.33,5681.9,73.2,1.397
2025-08-01,24.0,89.99,1690.0,179.9,684.0,123.4,2119.87,2885.68,5809.38,73.27,1.3613
2025-08-02,24.0,89.02,1716.2,179.5,709.6,122.3,2057.48,2755.88,5657.36,73.33,1.3394
2025-08-03,24.0,90.43,1667.6,180.4,660.8,122.9,2070.47,2815.39,5712.19,73.4,1.3598
2025-08-04,24.0,90.18,1645.0,179.5,652.8,122.3,2113.91,2737.7,5851.53,73.46,1.2951
2025-08-05,12.0,88.17,1699.7,178.9,695.5,88.9,1066.24,1416.02,2961.31,73.53,1.328
2025-08-06,24.0,86.03,1728.0,179.9,732.8,122.5,2004.7,2528.51,5586.27,73.59,1.2613
2025-08-07,24.0,86.94,1694.4,180.5,723.5,120.1,2072.92,2731.17,5795.53,73.66,1.3175
2025-08-08,24.0,84.71,1705.2,180.0,742.0,119.3,1947.32,2574.81,5462.37,73.72,1.3222
2025-08-09,24.0,85.19,1704.5,179.4,740.3,118.3,1939.22,2736.51,5457.62,73.78,1.4111
2025-08-10,0.0,85.85,1717.5,180.1,730.1,59.6,0.0,0.0,0.0,0.0,0.0
2025-08-11,0.0,84.36,1708.9,180.2,761.0,64.3,0.0,0.0,0.0,0.0,0.0
2025-08-12,0.0,85.7,1709.1,180.0,713.6,58.9,0.0,0.0,0.0,0.0,0.0
2025-08-13,0.0,83.12,1724.2,179.9,756.6,62.2,0.0,0.0,0.0,0.0,0.0
2025-08-14,0.0,83.56,1718.1,180.2,764.8,60.0,0.0,0.0,0.0,0.0,0.0
2025-08-15,0.0,83.5,1729.3,179.1,784.1,61.0,0.0,0.0,0.0,0.0,0.0
2025-08-16,0.0,83.32,1712.1,179.6,758.8,61.9,0.0,0.0,0.0,0.0,0.0
2025-08-17,24.0,81.56,1726.0,179.3,779.1,117.5,1911.29,2507.57,5520.83,74.28,1.312
2025-08-18,24.0,80.0,1755.9,180.7,829.4,115.5,1879.9,2474.03,5447.63,74.34,1.316
2025-08-19,24.0,82.43,1708.8,180.4,773.0,117.4,1857.07,2632.97,5398.75,74.41,1.4178
2025-08-20,24.0,80.05,1728.4,180.1,818.9,115.8,1864.98,2462.47,5439.06,74.47,1.3204
2025-08-21,24.0,81.19,1712.7,179.3,772.7,119.6,1878.89,2575.73,5497.13,74.53,1.3709
2025-08-22,24.0,82.37,1733.9,180.4,793.9,115.4,1874.58,2370.77,5501.95,74.59,1.2647
2025-08-23,24.0,83.01,1713.5,180.7,749.8,115.5,1915.21,2736.1,5639.04,74.65,1.4286
2025-08-24,24.0,81.56,1706.1,180.3,775.5,114.5,1838.97,2416.93,5431.66,74.71,1.3143
2025-08-25,24.0,81.49,1738.2,180.0,798.0,115.7,1822.88,2512.05,5401.13,74.77,1.3781
2025-08-26,24.0,81.48,1716.2,180.3,785.8,118.1,1880.6,2512.25,5589.66,74.83,1.3359
2025-08-27,24.0,79.74,1724.4,180.1,818.2,117.0,1869.72,2577.41,5574.75,74.88,1.3785
2025-08-28,24.0,82.0,1715.5,180.5,759.4,116.5,1873.88,2591.52,5604.61,74.94,1.383
2025-08-29,24.0,83.32,1729.1,180.5,770.1,118.3,1878.92,2521.52,5637.18,75.0,1.342
2025-08-30,24.0,82.98,1702.7,179.9,772.7,116.4,1875.88,2302.96,5645.54,75.06,1.2277
2025-08-31,24.0,83.02,1716.0,179.7,766.8,116.6,1926.94,2749.25,5817.18,75.12,1.4267
2025-09-01,24.0,83.34,1714.9,179.8,750.7,119.2,1975.43,2654.08,5981.99,75.17,1.3435
2025-09-02,24.0,80.27,1734.1,180.3,816.2,117.8,1868.29,2571.21,5674.97,75.23,1.3762
2025-09-03,24.0,79.9,1748.6,179.8,810.6,115.2,1877.6,2622.69,5720.74,75.29,1.3968
2025-09-04,24.0,78.88,1726.1,179.6,810.2,117.7,1767.25,2334.75,5401.0,75.35,1.3211
2025-09-05,24.0,77.38,1732.2,180.0,829.1,115.6,1766.67,2449.47,5415.73,75.4,1.3865
2025-09-06,24.0,76.96,1734.3,180.6,842.5,116.3,1794.09,2333.77,5516.49,75.46,1.3008
2025-09-07,24.0,79.65,1725.6,180.1,811.1,115.3,1767.48,2436.13,5451.17,75.52,1.3783
2025-09-08,24.0,80.61,1704.9,179.9,775.9,118.7,1814.64,2459.2,5613.54,75.57,1.3552
2025-09-09,24.0,79.76,1727.2,180.2,798.2,119.1,1852.14,2451.09,5746.81,75.63,1.3234
2025-09-10,24.0,80.62,1718.3,180.0,787.9,115.8,1845.47,2502.26,5743.33,75.68,1.3559
2025-09-11,24.0,82.72,1714.7,179.0,759.6,117.7,1845.92,2365.75,5761.95,75.74,1.2816
2025-09-12,24.0,84.1,1691.8,180.3,743.6,117.5,1849.9,2545.34,5791.61,75.79,1.3759
2025-09-13,24.0,84.19,1679.5,180.2,740.4,117.2,1963.99,2718.25,6167.12,75.85,1.384
2025-09-14,24.0,83.22,1698.7,180.0,758.5,116.6,1811.62,2496.07,5705.54,75.9,1.3778
2025-09-15,24.0,84.27,1667.8,180.5,733.1,117.8,1935.68,2824.18,6114.31,75.95,1.459
2025-09-16,24.0,84.86,1677.0,180.6,745.0,119.8,1902.83,2568.46,6028.26,76.01,1.3498
2025-09-17,24.0,86.2,1670.7,180.4,714.8,119.2,1993.12,2700.72,6332.87,76.06,1.355
2025-09-18,24.0,87.16,1659.3,179.6,703.0,121.4,1931.09,2468.5,6153.76,76.11,1.2783
2025-09-19,24.0,88.73,1650.0,179.6,669.8,122.5,2111.2,3093.8,6747.4,76.17,1.4654
2025-09-20,24.0,87.93,1639.6,180.6,688.0,120.8,2002.48,2518.3,6418.57,76.22,1.2576
2025-09-21,24.0,89.9,1649.8,179.1,656.4,122.8,2052.54,2820.43,6598.12,76.27,1.3741
2025-09-22,24.0,90.2,1656.6,179.9,664.5,122.3,2003.1,2636.58,6457.84,76.33,1.3162
2025-09-23,24.0,93.31,1579.3,180.2,583.2,124.9,2097.49,2871.22,6781.66,76.38,1.3689
2025-09-24,24.0,92.28,1592.5,179.1,614.5,123.4,2073.68,2642.47,6723.94,76.43,1.2743
2025-09-25,24.0,94.88,1589.6,180.1,574.3,126.5,2211.81,3150.88,7192.4,76.48,1.4246
2025-09-26,24.0,95.18,1581.8,180.5,587.5,125.7,2157.2,2802.7,7034.87,76.53,1.2992
2025-09-27,24.0,94.2,1621.0,179.3,611.7,124.2,2139.41,3081.73,6996.74,76.58,1.4405
2025-09-28,24.0,93.48,1600.7,180.8,598.5,126.3,2120.76,2756.08,6955.43,76.63,1.2996
2025-09-29,24.0,93.0,1621.2,179.5,636.6,126.0,2112.18,3014.99,6946.89,76.68,1.4274
2025-09-30,24.0,93.63,1563.5,180.3,584.7,127.2,2040.19,2671.03,6729.05,76.73,1.3092
2025-10-01,24.0,94.42,1599.3,180.0,576.5,124.6,2201.12,2907.73,7280.25,76.78,1.321
2025-10-02,24.0,93.56,1582.3,180.0,587.6,124.8,2056.71,2805.87,6821.69,76.83,1.3643
2025-10-03,24.0,93.52,1581.4,179.4,585.0,125.8,2089.37,2729.94,6949.38,76.88,1.3066
2025-10-04,24.0,96.73,1562.0,180.6,558.5,127.0,2227.32,2909.25,7428.84,76.93,1.3062
2025-10-05,24.0,99.32,1522.7,180.2,502.1,130.4,2303.04,3022.05,7702.72,76.98,1.3122
2025-10-06,24.0,99.98,1544.5,180.8,509.7,130.7,2266.0,3148.44,7599.8,77.03,1.3894
2025-10-07,24.0,100.0,1539.6,179.4,516.4,130.7,2206.24,3018.14,7419.76,77.08,1.368
2025-10-08,24.0,100.0,1539.8,179.9,514.7,132.2,2232.65,3062.35,7529.23,77.13,1.3716
2025-10-09,24.0,100.0,1548.2,180.1,515.9,131.0,2232.61,3003.08,7549.72,77.18,1.3451
2025-10-10,24.0,98.47,1568.9,180.0,540.3,129.2,2198.16,3084.0,7453.49,77.23,1.403
2025-10-11,24.0,98.08,1542.9,180.3,530.4,128.4,2125.33,3059.6,7226.17,77.27,1.4396
2025-10-12,24.0,95.58,1574.6,179.9,555.3,126.7,2175.16,3054.64,7415.62,77.32,1.4043
2025-10-13,24.0,96.18,1566.1,181.1,558.0,125.7,2138.99,2890.81,7312.03,77.37,1.3515
2025-10-14,24.0,97.15,1558.7,180.0,553.9,125.4,2121.94,2722.37,7273.28,77.41,1.283
2025-10-15,24.0,96.42,1563.8,178.6,557.2,128.2,2113.99,2602.07,7265.47,77.46,1.2309
2025-10-16,24.0,98.78,1562.0,180.0,537.2,131.0,2197.62,2992.47,7573.11,77.51,1.3617
2025-10-17,24.0,96.94,1545.0,180.6,540.6,127.4,2083.25,2564.97,7198.12,77.55,1.2312
2025-10-18,24.0,94.75,1545.6,179.5,579.3,128.7,2129.97,2883.73,7379.1,77.6,1.3539
2025-10-19,24.0,95.08,1554.4,179.5,543.5,126.3,2108.79,3084.43,7325.08,77.65,1.4627
2025-10-20,24.0,96.65,1562.8,179.6,557.2,124.7,2198.69,2830.24,7657.5,77.69,1.2872
2025-10-21,24.0,99.18,1530.6,179.5,532.1,130.8,2189.26,2803.9,7644.7,77.74,1.2808
2025-10-22,24.0,98.49,1527.8,179.8,539.6,128.2,2121.86,2997.46,7428.76,77.78,1.4127
2025-10-23,24.0,100.0,1505.7,180.5,499.6,131.5,2147.66,2531.12,7538.73,77.83,1.1785
2025-10-24,24.0,99.94,1524.7,180.8,495.6,128.0,2180.19,3042.37,7672.83,77.87,1.3955
2025-10-25,24.0,99.68,1532.2,178.8,527.6,130.4,2177.44,3199.09,7683.02,77.92,1.4692
2025-10-26,24.0,100.0,1523.7,179.8,507.4,128.8,2170.21,2842.19,7677.3,77.96,1.3096
2025-10-27,24.0,100.0,1514.3,180.2,503.2,130.3,2199.01,2855.71,7799.22,78.01,1.2986
2025-10-28,24.0,97.64,1538.3,180.1,528.1,129.5,2114.42,2978.2,7518.45,78.05,1.4085
2025-10-29,24.0,99.85,1519.6,180.9,495.5,130.7,2197.7,2834.03,7834.58,78.09,1.2895
2025-10-30,24.0,100.0,1518.2,179.0,511.7,130.1,2165.31,3086.49,7738.79,78.14,1.4254
2025-10-31,24.0,99.06,1504.2,178.7,517.5,127.3,2193.22,2843.23,7858.43,78.18,1.2964
2025-11-01,24.0,99.66,1519.2,181.0,511.9,130.9,2163.57,3225.75,7771.83,78.22,1.4909
2025-11-02,24.0,100.0,1506.0,180.4,494.3,131.5,2237.3,3168.75,8056.91,78.27,1.4163
2025-11-03,24.0,100.0,1527.3,179.7,498.4,128.4,2209.59,3030.88,7977.11,78.31,1.3717
2025-11-04,24.0,99.17,1519.3,180.1,500.5,128.1,2169.76,3226.38,7852.93,78.35,1.487
2025-11-05,24.0,98.17,1537.0,180.1,525.5,130.3,2128.83,3063.08,7724.04,78.39,1.4389
2025-11-06,24.0,98.13,1519.3,179.7,515.3,128.4,2070.28,2888.09,7530.25,78.44,1.395
2025-11-07,24.0,99.89,1504.9,180.1,485.7,128.6,2233.14,2776.34,8142.74,78.48,1.2432
2025-11-08,24.0,100.0,1529.4,180.2,516.3,130.4,2142.82,2830.39,7832.7,78.52,1.3209
2025-11-09,24.0,99.44,1517.1,181.0,498.1,128.7,2162.53,3123.41,7924.17,78.56,1.4443
2025-11-10,24.0,100.0,1494.5,180.5,508.0,130.2,2183.86,2801.22,8021.95,78.6,1.2827
2025-11-11,24.0,95.73,1551.9,180.9,565.4,126.4,2066.99,2717.31,7611.17,78.64,1.3146
2025-11-12,24.0,97.45,1515.7,179.3,534.0,127.7,2167.46,2817.78,8000.55,78.68,1.3
2025-11-13,24.0,94.84,1547.1,179.8,585.6,128.1,2001.95,2792.55,7407.55,78.72,1.3949
2025-11-14,24.0,94.3,1574.7,180.1,571.9,122.3,2109.45,3018.23,7824.13,78.76,1.4308
2025-11-15,24.0,92.62,1538.2,179.0,597.2,125.7,2027.69,2908.04,7538.97,78.8,1.4342
2025-11-16,24.0,90.68,1571.6,180.6,618.6,124.9,1947.63,2545.65,7258.67,78.84,1.3071
2025-11-17,24.0,92.42,1565.5,180.3,626.7,123.8,1983.89,2762.29,7411.47,78.88,1.3924
2025-11-18,24.0,91.72,1575.6,179.8,608.4,125.6,1888.88,2462.18,7073.32,78.92,1.3035
2025-11-19,24.0,92.24,1540.4,179.9,587.8,123.1,1952.46,2642.77,7328.73,78.96,1.3536
2025-11-20,24.0,92.16,1535.6,180.6,596.3,123.5,1969.02,2764.46,7408.37,79.0,1.404
2025-11-21,24.0,92.88,1568.4,179.6,595.2,123.9,2003.9,2881.73,7557.34,79.04,1.4381
2025-11-22,24.0,93.0,1539.4,180.6,577.4,126.5,2048.09,2500.67,7742.11,79.08,1.221
2025-11-23,24.0,91.07,1553.2,179.9,600.5,121.1,2034.54,2794.66,7708.83,79.12,1.3736
2025-11-24,24.0,92.57,1575.0,180.4,617.7,127.3,1996.14,2916.52,7580.94,79.16,1.4611
2025-11-25,24.0,91.82,1557.8,180.0,592.6,123.8,1975.96,2731.45,7521.7,79.2,1.3823
2025-11-26,24.0,89.49,1575.7,181.1,637.9,123.6,1897.49,2600.66,7239.67,79.23,1.3706
2025-11-27,24.0,88.85,1576.1,179.6,653.1,123.0,1835.78,2435.1,7020.33,79.27,1.3265
2025-11-28,24.0,91.1,1541.5,179.7,616.4,124.0,1924.02,2813.57,7374.64,79.31,1.4623
2025-11-29,24.0,92.37,1558.9,179.2,592.9,123.8,1965.2,2615.8,7549.69,79.35,1.3311
2025-11-30,24.0,91.85,1558.2,179.5,602.0,126.2,1998.84,2717.62,7696.38,79.38,1.3596
2025-12-01,24.0,91.33,1557.8,180.4,605.3,123.2,1968.08,2626.08,7595.12,79.42,1.3343
2025-12-02,24.0,90.84,1556.5,180.8,598.5,122.5,1944.58,2671.81,7521.35,79.46,1.374
2025-12-03,24.0,93.96,1528.0,180.4,576.2,127.1,1977.53,2900.34,7666.0,79.49,1.4666
2025-12-04,24.0,94.53,1540.6,180.0,570.1,126.4,1931.59,2522.56,7504.71,79.53,1.306
2025-12-05,24.0,95.18,1518.7,179.6,569.5,128.7,1945.66,2680.22,7576.24,79.57,1.3775
2025-12-06,24.0,96.72,1506.6,180.4,526.9,127.6,1986.28,2776.18,7751.61,79.6,1.3977
2025-12-07,24.0,97.08,1511.7,179.5,544.2,127.0,2048.6,2693.39,8012.53,79.64,1.3147
2025-12-08,24.0,96.69,1509.1,179.3,547.9,128.1,2091.55,2858.31,8198.53,79.67,1.3666
2025-12-09,24.0,96.4,1532.1,179.8,547.9,126.8,2082.41,3114.07,8180.63,79.71,1.4954
2025-12-10,24.0,96.29,1480.9,179.0,508.6,126.5,2071.35,2592.52,8155.01,79.74,1.2516
2025-12-11,24.0,96.24,1511.4,179.3,536.6,128.6,2015.17,2703.51,7951.12,79.78,1.3416
2025-12-12,24.0,97.33,1486.7,180.9,539.9,130.9,2104.71,2925.07,8322.46,79.82,1.3898
2025-12-13,24.0,97.4,1481.6,179.2,522.5,127.8,2019.27,2720.33,8001.87,79.85,1.3472
2025-12-14,24.0,98.5,1479.2,179.4,514.7,127.5,2114.66,3323.08,8397.93,79.88,1.5714
2025-12-15,24.0,98.38,1486.9,180.0,510.8,128.6,2005.41,2828.07,7981.17,79.92,1.4102
2025-12-16,24.0,60.0,1793.7,180.1,1074.0,102.8,1234.63,1575.28,4924.1,79.95,1.2759
2025-12-17,24.0,57.0,1792.5,179.9,1092.7,100.3,1240.0,1474.3,4956.06,79.99,1.189
2025-12-18,24.0,55.68,1816.9,179.0,1150.4,100.8,1166.75,1595.12,4673.17,80.02,1.3671
2025-12-19,24.0,58.1,1808.9,180.4,1119.0,101.7,1204.9,1559.27,4836.18,80.05,1.2941
2025-12-20,4.0,61.06,1766.9,179.8,1038.1,65.5,218.52,313.74,878.93,80.09,1.4357
2025-12-21,24.0,60.74,1765.0,180.6,1048.5,101.8,1306.03,1737.23,5264.13,80.12,1.3302
2025-12-22,24.0,60.84,1746.2,179.7,1034.7,100.5,1265.01,1659.6,5109.43,80.15,1.3119
2025-12-23,24.0,61.44,1764.4,180.5,1045.8,104.7,1294.81,1695.26,5240.67,80.19,1.3093
2025-12-24,24.0,61.67,1754.4,180.6,1027.7,100.2,1294.79,1833.72,5251.45,80.22,1.4162
2025-12-25,24.0,59.16,1776.1,179.8,1085.0,99.5,1167.63,1606.42,4745.51,80.25,1.3758
2025-12-26,24.0,59.8,1780.7,180.4,1071.5,101.1,1215.17,1781.12,4948.86,80.29,1.4657
2025-12-27,24.0,56.67,1799.9,179.3,1094.5,100.5,1206.0,1605.48,4921.57,80.32,1.3312
2025-12-28,24.0,55.57,1799.3,180.1,1137.2,98.1,1140.46,1601.02,4663.59,80.35,1.4038
2025-12-29,24.0,56.32,1778.1,180.6,1120.4,98.9,1187.14,1670.16,4864.29,80.38,1.4069
2025-12-30,24.0,57.22,1806.3,180.3,1105.7,99.5,1198.77,1666.92,4921.9,80.41,1.3905
2025-12-31,12.0,56.01,1821.9,181.2,1145.7,79.9,597.32,782.21,2457.4,80.45,1.3095
